20230831,"주미中대사 ""中 경제 붕괴하고 美 계속 번영한다는 생각은 망상""",세계,16,"WP 기고 통해 '中 경제위기설' 반박…""일시 조정기, 정책도구 충분"" ""美, 對中 기술수출통제·투자제한·경제제재·고율관세 해제해야""셰펑 주미중국대사[신화 연합뉴스 자료사진](워싱턴=연합뉴스) 조준형 특파원 = ""테슬라의 작년 전 세계 출하 물량의 절반은 상하이 기가팩토리(테슬라의 상하이 공장)에서 나왔고, 스타벅스는 중국에서 거의 9시간에 1곳꼴로 매장을 연다.""     셰펑 주미 중국대사는 31일(현지시간) '중국 경제는 당신이 생각하는 것보다 잘 하고 있다'는 제목으로 워싱턴포스트(WP)에 실은 기고를 통해 최근 고조되고 있는 중국 경제 위기설을 반박했다.       중국의 거대 부동산 업체 비구이위안(碧桂園·컨트리가든)의 디폴트 위기, 20%를 상회하는 청년 실업률, 4월 5.6%에서 7월 3.7%로 하락한 산업 생산 증가율, 같은 기간 18.4%에서 2.5%로 주저앉은 소매판매 증가율, 3월 플러스 14.8%에서 7월 마이너스 14.5%로 급락한 수출 증가율 등 중국 경제의 위기설을 뒷받침하는 지표는 많다.         셰 대사 역시 기고에서 ""포스트 코로나 시기 경제 회복으로 가는 길은 순탄치 않을 것""이라고 예상하고, ""종종 우여곡절과 기복 있는 진전을 하게 될 것""이라며 중국 경제의 저조한 회복세를 사실상 인정했다.     그럼에도 셰 대사는 중국 경제의 기초 체력과 연결되는 지표와, 중국내 외국 기업들의 활발한 활동 등을 근거로 제시하며 위기설에 항변하고, 미국의 대(對)중국 견제 및 압박의 중단을 촉구했다.     우선 셰 대사는 중국이 작년 대비 5.5%로 발표한 상반기 국내총생산(GDP) 성장률, 중국이 올해 5.6% 성장을 이룰 것이라는 세계은행(WB) 예측치, 프랑스·영국·일본·독일 등 선진국의 대중국 투자 증가세 등을 근거로 들면서 ""올해 중국 경제는 계속 회복 및 성장하고 있다""고 역설했다.      이어 중국의 소비 반등세를 언급하면서 ""미국 인구보다 많은 중국인 5억 200만 명이 올여름 (영화관에서) 영화를 봤다""고 소개했고, 삐걱대고 있는 수출에 대해서는 ""중국이 세계 수출 시장의 14%를 차지하고 있다""고 강조했다.     또 현재 4억 명을 넘는 중국의 중산층이 2035년까지 8억 명 이상으로 늘어날 것이라고도 주장했다.        이어 중국 정부가 소비 및 민간 경제 활성화, 외국인 투자 유치 확대 등을 위한 유인책을 최근 내놓았고, 부동산 부문 안정화와 금융 리스크 예방을 위한 정책 등에서 성과를 거두고 있다고 썼다.     그러면서 ""정책 도구함에 충분한 공간이 있기 때문에 우리는 시스템 리스크를 미연에 방지할 수 있다고 확신한다""고도 강조했다.     셰 대사는 ""중국이 일시적인 경제 조정기를 보내는 상황에서 일부는 중국이 세계 경제를 끌어내리고 있다고 비난하고, 다른 일부는 '중국이 붕괴할지도 모른다'는 이론을 전개하는데, 이것이 공정한가""라고 반문했다.     그러면서 ""중국이 경제적으로 붕괴할 수 있고, 미국은 여전히 번영할 수 있다는 생각은 완전한 망상임을 많은 미국 친구들이 깨닫게 됐다""며 ""미국은 중국에 대한 기술 수출 통제, 투자 제한, 경제 제재 및 고율 관세를 해제해야 한다""고 주장했다.     또 ""미국은 디리스킹(De-risking·위험 제거)을 명분으로 디커플링(decoupling·공급망 등에서 중국 분리)을 추구하길 중단해야 한다""며 디리스킹, 디커플링 등은 가뜩이나 좋지 않은 세계 경제를 더 꼬이게 만들 뿐이라고 주장했다.중국의 경제수도 상하이[연합뉴스 자료사진. 촬영 차대운]    jhcho@yna.co.kr조준형(jhcho@yna.co.kr)기자 프로필조준형 기자구독구독중구독자 0응원수0워싱턴 특파원스텔스기능 너무 뛰어났나…조종사 탈출후 美 F-35B 전투기 실종美 설리번·中 왕이 12시간 '몰타 회동'…""솔직·건설적 대화""(종합3보)연합뉴스의 구독 많은 기자를 구독해보세요!닫기Copyright ⓒ 연합뉴스. All rights reserved. 무단 전재 및 재배포 금지. 이 기사는 언론사에서 세계, 경제, 정치 섹션으로 분류했습니다.기사 섹션 분류 안내기사의 섹션 정보는 해당 언론사의 분류를 따르고 있습니다. 언론사는 개별 기사를 2개 이상 섹션으로 중복 분류할 수 있습니다.닫기구독메인에서 바로 보는 언론사 편집 뉴스 지금 바로 구독해보세요!구독중메인에서 바로 보는 언론사 편집 뉴스 지금 바로 확인해보세요![앱 다운] 빠르고 정확한 연합뉴스를 받아보세요뉴스제보는 연합뉴스 okjebo 톡!			주요뉴스해당 언론사에서 선정하며 언론사 페이지(아웃링크)로 이동해 볼 수 있습니다. 평택 환전소 외국인 강도 1명 이미 해외 도주…범행 4시간여만 고교생이 쏘아 올린 헬륨 풍선, 성층권서 거제·대마도 촬영 ""내 생사 두고 떠드는데…"" 프리고진 사망 며칠 전 영상 공개 국내 첫 레즈비언 부부 '딸' 태어났다…""다양한 가족 인정되길"" 추락사 경찰관 일행 8명 추가 확인…15명 모두 출금이 기사를 추천합니다기사 추천은 24시간 내 50회까지 참여할 수 있습니다.닫기쏠쏠정보0흥미진진0공감백배0분석탁월0후속강추0  모두에게 보여주고 싶은 기사라면?beta이 기사를 추천합니다 버튼을 눌러주세요.  집계 기간 동안 추천을 많이 받은 기사는 네이버 자동 기사배열 영역에 추천 요소로 활용됩니다.레이어 닫기 연합뉴스 언론사홈 바로가기 언론사 구독 후 기사보기구독 없이 계속 보기기자 구독 후 기사보기구독 없이 계속 보기"
20230831,"LG 박해민, 짜릿한 끝내기 안타",스포츠,0,"(서울=연합뉴스) 31일 오후 서울 잠실야구장에서 열린 프로야구 두산과 LG의 경기. 연장 10회말 2사 1,2루 상황에서 LG 박해민이 끝내기 안타를 친 뒤 환호하고 있다. 2023.8.31 [LG 트윈스 제공. 재판매 및 DB금지]    photo@yna.co.kr기사제공 연합뉴스이지은(jieunlee@yna.co.kr)이지은 기자구독이지은 기자의 구독을 취소하시겠습니까?구독에서 해당 기자의 기사가 제외됩니다.예아니오닫기구독자-응원수-사진기자서울 지하철 노선도 새 디자인안 공개김행 여가부 장관 후보자 출근Copyright ⓒ 연합뉴스. All rights reserved. 무단 전재 및 재배포 금지.기사 섹션 분류 가이드기사 섹션 분류 안내스포츠 기사 섹션(종목) 정보는 언론사 분류와 기술 기반의 자동 분류 시스템을 따르고 있습니다. 오분류에 대한 건은 네이버스포츠로 제보 부탁드립니다.오분류 제보하기가이드 닫기[앱 다운] 빠르고 정확한 연합뉴스를 받아보세요뉴스제보는 연합뉴스 okjebo 톡!"
20230831,"뉴욕증시, 연준 선호 물가 소화하며 상승 출발",경제,2,"(뉴욕=연합뉴스) 윤영숙 연합인포맥스 특파원 = 뉴욕증시는 연방준비제도(연준·Fed)가 선호하는 물가 지표가 대체로 예상치에 부합하며 상승했다.     31일(미 동부시간) 뉴욕증권거래소(NYSE)에서 오전 10시 20분 현재 다우존스30산업평균지수는 전장보다 91.53포인트(0.26%) 오른 34,981.77을 기록 중이다.    스탠더드앤드푸어스(S&P)500지수는 전장보다 14.52포인트(0.32%) 상승한 4,529.39를, 나스닥지수는 전장보다 78.37포인트(0.56%) 뛴 14,097.68을 나타냈다.    3대 지수는 이날까지 5거래일 연속 상승 중이다. 오는 9월 연방공개시장위원회(FOMC) 정례회의를 앞두고 연준의 금리 동결 가능성에 무게가 실리고 국채금리가 하락세로 돌아서면서 주가가 오름세를 지속했다.     이날 투자자들은 연준이 선호하는 물가 지표인 7월 근원 개인 소비지출(PCE) 가격지수 등 경제 지표를 주시했다.     미 상무부에 따르면 변동성이 큰 에너지와 식료품을 제외한 7월 근원 PCE 가격지수는 지난해 같은 기간보다 4.2% 올라 시장 예상치에는 부합했으나 전달의 4.1%를 웃돌았다.     에너지와 식료품 가격을 포함한 7월 PCE 가격지수는 지난해 같은 기간에 비해 3.3% 올라 전달의 3.0%에서 상승했다.     7월 개인 소비지출은 전달에 비해 0.8% 증가해 시장의 예상치 0.7% 증가를 웃돌았으며, 전달의 0.6% 상승도 상회했다.     소비가 여전히 탄탄하고 그에 따라 물가 상승 압력도 여전히 강하다는 점을 시사한다. 다만 이는 7월 소비자물가지수(CPI)가 반등하면서 어느 정도 예상됐던 부문이다.     실업 관련 지표는 엇갈렸다.     주간 실업보험 청구자 수는 4천명 감소한 22만8천명을 기록해 시장 예상치인 23만5천명을 밑돌았다.    다만, 챌린저, 그레이 앤드 크리스마스(CG&C)가 발표한 8월 감원 계획은 7만5천151명으로 전월보다 217% 급증했다. 이는 올해 들어 가장 큰 월별 증가 폭으로 미국에서 가장 큰 트럭회사인 옐로가 파산한 영향을 반영한 것이다.     투자자들은 다음날 나오는 8월 고용 보고서를 주시하고 있다. 최근 ADP가 발표한 민간 부문 고용이 예상치를 밑돌면서 고용이 예상보다 빠르게 둔화하고 있다는 전망을 강화했다.    금리 선물 시장에서는 연준이 9월에 기준금리를 동결할 가능성을 88.5%가량으로 보고 있다. 11월 회의에 금리를 추가로 인상할 가능성은 47%, 금리 동결 가능성은 53%로 인상과 동결이 비등한 상황이다.     뉴욕증시 전문가들은 인플레이션 깜짝 반등이 없었던 데다 최근 들어 고용이 둔화하고 있다는 점에서 증시가 랠리를 보이는 것이라고 설명했다.    인디펜던트 어드바이저 얼라이언스의 크리스 자카렐리 최고투자책임자(CIO)는 마켓워치에 ""인플레이션의 깜짝 반등이 없었다는 점은 다음 회의에서 연준의 금리 동결 가능성을 바꾸지 않을 것이라는 점에서 시장이 환호할 것""이라고 말했다.     하이프리퀀시 이코노믹스의 루벨라 파루키 이코노미스트는 ""최근 몇 달간 헤드라인 PCE와 근원 PCE의 월별 상승률은 하락세를 보여왔다""라며 ""이번 지표는 인플레이션 진전에 있어 반전을 보여주지만, 물가 압력이 올해 남은 기간에는 완화될 것""이라고 전망했다.     SPI에셋 매니지먼트의 스티븐 이네스 매니징 파트너는 ""인플레이션 정상화에 있어 가장 중요한 투입 요소 중 하나는 고용의 완화이기 때문에, (최근 지표는) 미국 금리에 대한 단기 전망에 상당한 변화를 이끌고, 주식과 다른 위험자산의 랠리를 촉발했다""라고 말했다.          유럽증시는 일제히 올랐다.    독일 DAX지수는 0.84% 오르고, 영국 FTSE지수는 0.03% 상승 중이다. 프랑스 CAC 지수는 0.07% 상승 중이며 범유럽지수인 STOXX600 지수는 0.33% 오르고 있다.    국제유가는 상승 중이다.    10월물 서부텍사스산원유(WTI) 가격은 전장보다 1.40% 오른 배럴당 82.77달러에, 10월물 브렌트유 가격은 전장보다 0.99% 상승한 배럴당 86.71달러를 기록했다.NYSE 입회장에서 일하는 트레이더들의 모습[연합뉴스 자료사진]    ysyoon@yna.co.kr국제뉴스공용1(foreignnews@yna.co.kr)Copyright ⓒ 연합뉴스. All rights reserved. 무단 전재 및 재배포 금지. 이 기사는 언론사에서 경제, 세계 섹션으로 분류했습니다.기사 섹션 분류 안내기사의 섹션 정보는 해당 언론사의 분류를 따르고 있습니다. 언론사는 개별 기사를 2개 이상 섹션으로 중복 분류할 수 있습니다.닫기구독메인에서 바로 보는 언론사 편집 뉴스 지금 바로 구독해보세요!구독중메인에서 바로 보는 언론사 편집 뉴스 지금 바로 확인해보세요![앱 다운] 빠르고 정확한 연합뉴스를 받아보세요뉴스제보는 연합뉴스 okjebo 톡!			주요뉴스해당 언론사에서 선정하며 언론사 페이지(아웃링크)로 이동해 볼 수 있습니다. 평택 환전소 외국인 강도 1명 이미 해외 도주…범행 4시간여만 고교생이 쏘아 올린 헬륨 풍선, 성층권서 거제·대마도 촬영 ""내 생사 두고 떠드는데…"" 프리고진 사망 며칠 전 영상 공개 국내 첫 레즈비언 부부 '딸' 태어났다…""다양한 가족 인정되길"" 추락사 경찰관 일행 8명 추가 확인…15명 모두 출금이 기사를 추천합니다기사 추천은 24시간 내 50회까지 참여할 수 있습니다.닫기쏠쏠정보0흥미진진0공감백배0분석탁월0후속강추0  모두에게 보여주고 싶은 기사라면?beta이 기사를 추천합니다 버튼을 눌러주세요.  집계 기간 동안 추천을 많이 받은 기사는 네이버 자동 기사배열 영역에 추천 요소로 활용됩니다.레이어 닫기 연합뉴스 언론사홈 바로가기 언론사 구독 후 기사보기구독 없이 계속 보기"
20230831,"LG 박해민, 짜릿한 끝내기 안타",스포츠,0,"(서울=연합뉴스) 31일 오후 서울 잠실야구장에서 열린 프로야구 두산과 LG의 경기. 연장 10회말 2사 1,2루 상황에서 LG 박해민이 끝내기 안타를 친 뒤 환호하고 있다. 2023.8.31 [LG 트윈스 제공. 재판매 및 DB금지]    photo@yna.co.kr기사제공 연합뉴스이지은(jieunlee@yna.co.kr)이지은 기자구독이지은 기자의 구독을 취소하시겠습니까?구독에서 해당 기자의 기사가 제외됩니다.예아니오닫기구독자-응원수-사진기자서울 지하철 노선도 새 디자인안 공개김행 여가부 장관 후보자 출근Copyright ⓒ 연합뉴스. All rights reserved. 무단 전재 및 재배포 금지.기사 섹션 분류 가이드기사 섹션 분류 안내스포츠 기사 섹션(종목) 정보는 언론사 분류와 기술 기반의 자동 분류 시스템을 따르고 있습니다. 오분류에 대한 건은 네이버스포츠로 제보 부탁드립니다.오분류 제보하기가이드 닫기[앱 다운] 빠르고 정확한 연합뉴스를 받아보세요뉴스제보는 연합뉴스 okjebo 톡!"
20230831,"LG 박해민, 연장 10회말 끝내기 안타",스포츠,0,"(서울=연합뉴스) 31일 오후 서울 잠실야구장에서 열린 프로야구 두산과 LG의 경기. 연장 10회말 2사 1,2루 상황에서 LG 박해민이 끝내기 안타를 치고 있다. 2023.8.31 [LG 트윈스 제공. 재판매 및 DB금지]    photo@yna.co.kr기사제공 연합뉴스이지은(jieunlee@yna.co.kr)이지은 기자구독이지은 기자의 구독을 취소하시겠습니까?구독에서 해당 기자의 기사가 제외됩니다.예아니오닫기구독자-응원수-사진기자서울 지하철 노선도 새 디자인안 공개김행 여가부 장관 후보자 출근Copyright ⓒ 연합뉴스. All rights reserved. 무단 전재 및 재배포 금지.기사 섹션 분류 가이드기사 섹션 분류 안내스포츠 기사 섹션(종목) 정보는 언론사 분류와 기술 기반의 자동 분류 시스템을 따르고 있습니다. 오분류에 대한 건은 네이버스포츠로 제보 부탁드립니다.오분류 제보하기가이드 닫기[앱 다운] 빠르고 정확한 연합뉴스를 받아보세요뉴스제보는 연합뉴스 okjebo 톡!"
20230831,"Top diplomats of S. Korea, China discuss regular visits",세계,1,"FM-ChinaTop diplomats of S. Korea, China discuss regular visits   SEOUL, Aug. 31 (Yonhap) -- The top diplomats of South Korea and China held a phone conversation Thursday to discuss regular visits between them as part of ""shuttle diplomacy,"" Seoul's foreign ministry said.   The talks between Foreign Minister Park Jin and Wang Yi, head of the foreign affairs commission of the Chinese Communist Party's Central Committee, come as bilateral relations appear to be thawing following tensions in recent months over the Chinese ambassador to Seoul's thinly veiled warning against South Korea's alignment with the United States.   The last bilateral meeting between Park and Wang was held in Qingdao, China, in August, 2022.   The two diplomats also discussed pending bilateral issues, the ministry said.    Earlier this month, China lifted a ban on group tours to South Korea. The ban had been in place for more than six years amid tension over South Korea's hosting of the THAAD U.S. missile defense system.   The two sides agreed to push forward more regular conversation between high-ranking officials between the two countries in various sectors, the ministry said.   The two diplomats also said progress was made at high-level bilateral economic talks held Tuesday, where the two sides discussed ways to ensure stable supply chains and the strengthening of bilateral economic cooperation   The 27th meeting of the bilateral joint economic committee, led by South Korea's Second Vice Foreign Minister Oh Young-ju and Li Fei, China's assistant minister of commerce, was held in Beijing.   The two diplomats also shared the view on the need to cooperate for the resumption of a trilateral consultative body between South Korea, China and Japan, the ministry said.This combined photo shows Foreign Minister Park Jin (L) and Wang Yi, head of the foreign affairs commission of the Chinese Communist Party's Central Committee. (Yonhap)   khj@yna.co.kr(END)김한주(khj@yna.co.kr)기자 프로필김한주 기자구독구독중구독자 0응원수0(3rd LD) Audit agency finds manipulation of key economic data by 22 high-ranking officials under Moon gov't(Asiad) PM to attend opening ceremony of Asian Games연합뉴스의 구독 많은 기자를 구독해보세요!닫기Copyright ⓒ 연합뉴스. All rights reserved. 무단 전재 및 재배포 금지. 이 기사는 언론사에서 세계 섹션으로 분류했습니다.기사 섹션 분류 안내기사의 섹션 정보는 해당 언론사의 분류를 따르고 있습니다. 언론사는 개별 기사를 2개 이상 섹션으로 중복 분류할 수 있습니다.닫기구독메인에서 바로 보는 언론사 편집 뉴스 지금 바로 구독해보세요!구독중메인에서 바로 보는 언론사 편집 뉴스 지금 바로 확인해보세요!이 기사를 추천합니다기사 추천은 24시간 내 50회까지 참여할 수 있습니다.닫기쏠쏠정보0흥미진진0공감백배0분석탁월0후속강추0  모두에게 보여주고 싶은 기사라면?beta이 기사를 추천합니다 버튼을 눌러주세요.  집계 기간 동안 추천을 많이 받은 기사는 네이버 자동 기사배열 영역에 추천 요소로 활용됩니다.레이어 닫기 연합뉴스 언론사홈 바로가기 언론사 구독 후 기사보기구독 없이 계속 보기기자 구독 후 기사보기구독 없이 계속 보기"
20230831,"한총리, 文 잼버리대회 비판에 ""격려해 줬으면 더 좋았을 것""(종합)",정치,20,"""최종적으로는 잘 마무리했다…감사원이 처음부터 끝까지 문제 밝혀내길""새만금 재검토에 ""진정으로 전북 활력소 되게 할 것…큰 그림 그리겠다""질의에 답하는 한덕수 국무총리(서울=연합뉴스) 신준희 기자 = 한덕수 국무총리가 31일 국회에서 열린 예산결산특별위원회 전체회의에서 더불어민주당 기동민 의원의 질의에 답하고 있다. 2023.8.31 hama@yna.co.kr(서울=연합뉴스) 한혜원 기자 = 한덕수 국무총리는 31일 새만금 세계잼버리대회와 관련한 문재인 전 대통령의 비판에 ""모두 노력해서 종국적으로 상당히 평가받는 대회를 한 국민, 종교계 등에 대해 많은 격려를 해주셨으면 더 좋았을 것""이라고 말했다.    한 총리는 국민의힘 김영식 의원이 이날 국회 예산결산특별위원회 전체회의에서 문 전 대통령이 지난 13일 잼버리 대회에 대해 페이스북에 올린 글에 대한 입장을 묻자 이같이 밝혔다.    당시 문 전 대통령은 ""사람의 준비가 부족하니 하늘도 돕지 않았다""라고 비판한 바 있다.    김 의원은 이에 대해 ""전형적인 '유체이탈 화법'으로 보이는데, 국민들이 어떻게 볼 것으로 생각하는가""라고 한 총리에게 물었다.    이에 한 총리는 ""문 전 대통령 말씀은 대회 유치를 했던 대통령으로서 처음부터 성공적인 대회를 염원하는 마음에서 비롯했을 것""이라고 답했다.     이어 ""초반에 조금 어려움이 있었지만, 모든 정부, 재계, 종교계, 교육계가 힘을 합쳤고 특히 국민들의 아주 열렬한 환영 의지가 작동해 최종적으로는 잘 마무리했다고 생각한다""고 에둘러 반박했다.     한 총리는 ""제가 오늘 아침에도 인도네시아로부터 온 고위직을 만났다""며 ""한국 정부와 국민들에 감사한다, 잼버리가 해피엔딩으로 끝난 걸 축하한다는 이야기를 들었다""고 전했다.     한 총리는 감사원의 잼버리 대회 관련 감사에서 철저한 진상 규명이 이뤄져야 한다고 강조했다.     그는 ""처음부터 조금 더 잘 됐으면 훨씬 더 나은 잼버리대회가 됐을 거라 믿는다""며 ""우리가 정말 진지하게 성찰할 필요가 있다""고 했다.     그러면서 ""감사원이 처음부터 끝까지 아주 잘, 무엇이 문제였고 무엇을 좀 더 잘할 수 있었는지 밝혀내 주시기를 기대한다""고 덧붙였다.    한 총리는 아울러 정부가 '새만금 기본계획' 전면 재검토에 들어간 데 대해 ""새만금을 진정으로 전북경제의 생생한 활력소가 되도록 해 새만금의 큰 그림을 반드시 그리도록 하겠다""고 말했다.    hye1@yna.co.kr한혜원(hye1@yna.co.kr)기자 프로필한혜원 기자구독구독중구독자 0응원수0연합뉴스 한혜원 기자입니다.'어퍼컷' 尹 ""청년, 국정의 동반자""…청년의날 기념식 참석(종합)감사원 ""文정부 집값 조작, 확실한 것만 94회""…22명 수사요청(종합2보)연합뉴스의 구독 많은 기자를 구독해보세요!닫기Copyright ⓒ 연합뉴스. All rights reserved. 무단 전재 및 재배포 금지. 이 기사는 언론사에서 정치 섹션으로 분류했습니다.기사 섹션 분류 안내기사의 섹션 정보는 해당 언론사의 분류를 따르고 있습니다. 언론사는 개별 기사를 2개 이상 섹션으로 중복 분류할 수 있습니다.닫기구독메인에서 바로 보는 언론사 편집 뉴스 지금 바로 구독해보세요!구독중메인에서 바로 보는 언론사 편집 뉴스 지금 바로 확인해보세요![앱 다운] 빠르고 정확한 연합뉴스를 받아보세요뉴스제보는 연합뉴스 okjebo 톡!			주요뉴스해당 언론사에서 선정하며 언론사 페이지(아웃링크)로 이동해 볼 수 있습니다. 평택 환전소 외국인 강도 1명 이미 해외 도주…범행 4시간여만 고교생이 쏘아 올린 헬륨 풍선, 성층권서 거제·대마도 촬영 ""내 생사 두고 떠드는데…"" 프리고진 사망 며칠 전 영상 공개 국내 첫 레즈비언 부부 '딸' 태어났다…""다양한 가족 인정되길"" 추락사 경찰관 일행 8명 추가 확인…15명 모두 출금이 기사를 추천합니다기사 추천은 24시간 내 50회까지 참여할 수 있습니다.닫기쏠쏠정보0흥미진진0공감백배0분석탁월0후속강추0  모두에게 보여주고 싶은 기사라면?beta이 기사를 추천합니다 버튼을 눌러주세요.  집계 기간 동안 추천을 많이 받은 기사는 네이버 자동 기사배열 영역에 추천 요소로 활용됩니다.레이어 닫기 연합뉴스 언론사홈 바로가기 언론사 구독 후 기사보기구독 없이 계속 보기기자 구독 후 기사보기구독 없이 계속 보기"
20230831,구로구서 1억2천 든 쇼핑백 들고 튄 중국인 4시간만에 검거(종합),사회,90,"검거 당시 6천여만원 회수…절도범 ""그게 전부였다"" 구로경찰서[촬영 정종호](서울=연합뉴스) 김잔디 최윤선 기자 = 서울 구로구에서 거액의 현금이 든 쇼핑백을 들고 도주했던 중국인이 4시간 만에 붙잡혔다. 피해자는 1억2천여만원이 들어있었다고 신고했는데 절도범은 절반 정도밖에 없었다고 주장하고 있다.     구로경찰서에 따르면 31일 오후 5시40분께 30대 중국인 남성 A씨가 서울 구로구 구로동 지하철 남구로역 2번 출구 앞에 세운 차량 안에서 환전소 주인인 40대 중국인 여성 B씨를 만나 현금이 든 쇼핑백을 빼앗아 달아났다.    이들은 만나서 환전 거래를 하기로 하고 B씨가 타고 온 차량 뒷좌석에서 신분증을 교환해 신원을 확인했으며 B씨가 종이 쇼핑백에 담아온 현금을 보여주자 A씨가 그대로 들고 도망친 것으로 전해졌다.     오후 6시17분께 신고를 받고 출동한 경찰은 폐쇄회로(CC)TV 등을 통해 A씨의 동선을 추적하다가 범행 4시간여 만인 오후 9시45분께 광진구 자양동 길거리에서 차량에 타고 있던 A씨를 절도 혐의로 체포했다.    쇼핑백에 들어 있던 현금의 액수에 대해서는 양쪽의 진술이 엇갈리고 있다.     피해자 B씨는 1억2천500만원이 들어있었다고 신고했으나 A씨는 검거 현장에서 회수된 6천여만원이 전부라고 주장하고 있다.     경찰은 A씨를 상대로 구체적인 범행 경위를 조사하는 한편 정확한 피해 금액도 확인할 계획이다.     jandi@yna.co.kr김잔디(jandi@yna.co.kr)최윤선(ysc@yna.co.kr)기자 프로필김잔디 기자구독구독중구독자 0응원수0안녕하세요. 연합뉴스 김잔디 기자입니다.신림 등산로 너클살인 한 달…""4명 모여도 무서워 못 가""'청담동 주식부자' 형제 이번엔 코인사기 혐의 구속최윤선 기자구독구독중구독자 0응원수0중1 손에 대용량 커피…""싸고 덜 졸려서"" 매일 사먹는 아이들2주 만에 국회 앞으로…등지고 앉아 항의한 3만 교사연합뉴스의 구독 많은 기자를 구독해보세요!닫기Copyright ⓒ 연합뉴스. All rights reserved. 무단 전재 및 재배포 금지. 이 기사는 언론사에서 사회 섹션으로 분류했습니다.기사 섹션 분류 안내기사의 섹션 정보는 해당 언론사의 분류를 따르고 있습니다. 언론사는 개별 기사를 2개 이상 섹션으로 중복 분류할 수 있습니다.닫기구독메인에서 바로 보는 언론사 편집 뉴스 지금 바로 구독해보세요!구독중메인에서 바로 보는 언론사 편집 뉴스 지금 바로 확인해보세요![앱 다운] 빠르고 정확한 연합뉴스를 받아보세요뉴스제보는 연합뉴스 okjebo 톡!			주요뉴스해당 언론사에서 선정하며 언론사 페이지(아웃링크)로 이동해 볼 수 있습니다. 평택 환전소 외국인 강도 1명 이미 해외 도주…범행 4시간여만 고교생이 쏘아 올린 헬륨 풍선, 성층권서 거제·대마도 촬영 ""내 생사 두고 떠드는데…"" 프리고진 사망 며칠 전 영상 공개 국내 첫 레즈비언 부부 '딸' 태어났다…""다양한 가족 인정되길"" 추락사 경찰관 일행 8명 추가 확인…15명 모두 출금이 기사를 추천합니다기사 추천은 24시간 내 50회까지 참여할 수 있습니다.닫기쏠쏠정보0흥미진진0공감백배0분석탁월0후속강추0  모두에게 보여주고 싶은 기사라면?beta이 기사를 추천합니다 버튼을 눌러주세요.  집계 기간 동안 추천을 많이 받은 기사는 네이버 자동 기사배열 영역에 추천 요소로 활용됩니다.레이어 닫기 연합뉴스 언론사홈 바로가기 언론사 구독 후 기사보기구독 없이 계속 보기기자 구독 후 기사보기구독 없이 계속 보기"
20230831,"한총리 ""후쿠시마산 수산물 수입, 전혀 생각하고 있지 않아""",정치,18,"日 WTO 제소 우려에 ""우리 마음대로 수입 금지할 수 있다""日 정부의 수산물 수입금지 철회 요청 여부 질의엔 ""없었다""답변하는 한덕수 국무총리(서울=연합뉴스) 이정훈 기자 = 한덕수 국무총리가 30일 국회에서 열린 예산결산특별위원회 전체회의에서 의원 질의에 답변하고 있다. 2023.8.30 uwg806@yna.co.kr    (서울=연합뉴스) 한혜원 기자 = 한덕수 국무총리는 31일 일본 후쿠시마산 수산물에 대해 ""지금은 한 마디로 수입하는 것은 전혀 생각하고 있지 않다""고 말했다.     한 총리는 이날 국회 예산결산특별위원회 전체회의에 출석, 더불어민주당 이소영 의원의 관련 질의에 ""수입하고 하지 않고는 우리의 주권이기 때문에 안심할 때까지 수입하지 않을 것""이라며 이같이 강조했다.     이 의원이 과거 일본이 한국의 후쿠시마 수산물 수입 금지가 부당하다고 제기한 세계무역기구(WTO) 분쟁 등을 언급하면서 ""주권적 영역이어도 우리 마음대로 할 수 있는 것은 아니지 않나""라고 재차 묻자 한 총리는 ""내부적으로는 다 전략이 있고 그걸 공개할 수가 없다. 우리 마음대로 할 수 있다""고 강조했다.     이 의원이 ""협정에 가입돼 있는데 어떻게 마음대로 하느냐""고 반박하자 한 총리는 ""할 수 있다""고 재차 답했다.    한 총리는 ""국민의 수산물에 대한 불안감이 있으니 우리가 우리의 정책으로서 수입하지 않는 것""이라며 ""수입하지 않는다, 하는 것만 받아달라""라고도 했다.    한 총리는 아울러 일본 정부로부터 수산물 수입 금지 조치 철회 요청을 받은 바 없으며 최근 진행된 정상회담에서도 관련 요청은 없었다고 말했다.     정부는 후쿠시마산 수산물 수입 금지는 2011년 원전 사고 이후 인근 해역에 아무 통제 없이 유출된 방사성 물질로부터 우리 국민을 보호하기 위해 취한 조치이며, '과학적 처리'를 거쳐 방류되는 원전 오염수와는 별개라고 설명하고 있다.    이 의원은 이와 관련, ""현재 국제원자력기구(IAEA)가 후쿠시마 앞바다 안전성에 대해 일본 정부와 비슷하게 (안전하다고) 보고 있다""며 ""우리 정부가 '오염수 방류'와 관련한 IAEA 입장은 적극적으로 신뢰하면서 후쿠시마 앞바다가 안전하다는 IAEA 의견은 믿지 않는 게 설득력 있겠나""라고 지적하기도 했다.    hye1@yna.co.kr한혜원(hye1@yna.co.kr)기자 프로필한혜원 기자구독구독중구독자 0응원수0연합뉴스 한혜원 기자입니다.'어퍼컷' 尹 ""청년, 국정의 동반자""…청년의날 기념식 참석(종합)감사원 ""文정부 집값 조작, 확실한 것만 94회""…22명 수사요청(종합2보)연합뉴스의 구독 많은 기자를 구독해보세요!닫기Copyright ⓒ 연합뉴스. All rights reserved. 무단 전재 및 재배포 금지. 이 기사는 언론사에서 정치 섹션으로 분류했습니다.기사 섹션 분류 안내기사의 섹션 정보는 해당 언론사의 분류를 따르고 있습니다. 언론사는 개별 기사를 2개 이상 섹션으로 중복 분류할 수 있습니다.닫기구독메인에서 바로 보는 언론사 편집 뉴스 지금 바로 구독해보세요!구독중메인에서 바로 보는 언론사 편집 뉴스 지금 바로 확인해보세요![앱 다운] 빠르고 정확한 연합뉴스를 받아보세요뉴스제보는 연합뉴스 okjebo 톡!			주요뉴스해당 언론사에서 선정하며 언론사 페이지(아웃링크)로 이동해 볼 수 있습니다. 평택 환전소 외국인 강도 1명 이미 해외 도주…범행 4시간여만 고교생이 쏘아 올린 헬륨 풍선, 성층권서 거제·대마도 촬영 ""내 생사 두고 떠드는데…"" 프리고진 사망 며칠 전 영상 공개 국내 첫 레즈비언 부부 '딸' 태어났다…""다양한 가족 인정되길"" 추락사 경찰관 일행 8명 추가 확인…15명 모두 출금이 기사를 추천합니다기사 추천은 24시간 내 50회까지 참여할 수 있습니다.닫기쏠쏠정보0흥미진진0공감백배0분석탁월0후속강추0  모두에게 보여주고 싶은 기사라면?beta이 기사를 추천합니다 버튼을 눌러주세요.  집계 기간 동안 추천을 많이 받은 기사는 네이버 자동 기사배열 영역에 추천 요소로 활용됩니다.레이어 닫기 연합뉴스 언론사홈 바로가기 언론사 구독 후 기사보기구독 없이 계속 보기기자 구독 후 기사보기구독 없이 계속 보기"
20230831,[프로야구] 1일 선발투수,스포츠,0,"▲ 1일 선발투수    (서울=연합뉴스)기사제공 연합뉴스천병혁(shoeless@yna.co.kr)천병혁 기자구독천병혁 기자의 구독을 취소하시겠습니까?구독에서 해당 기자의 기사가 제외됩니다.예아니오닫기구독자-응원수-MLB 볼티모어, 7년 만에 가을야구…탬파베이는 5년 연속 PS 진출6연승 두산, 가을야구 보인다…4연패 KIA 위태로운 PSCopyright ⓒ 연합뉴스. All rights reserved. 무단 전재 및 재배포 금지.기사 섹션 분류 가이드기사 섹션 분류 안내스포츠 기사 섹션(종목) 정보는 언론사 분류와 기술 기반의 자동 분류 시스템을 따르고 있습니다. 오분류에 대한 건은 네이버스포츠로 제보 부탁드립니다.오분류 제보하기가이드 닫기[앱 다운] 빠르고 정확한 연합뉴스를 받아보세요뉴스제보는 연합뉴스 okjebo 톡!"
20230831,[프로야구 중간순위] 31일,스포츠,0,"2023 KBO리그 중간순위(31일)     (서울=연합뉴스)기사제공 연합뉴스천병혁(shoeless@yna.co.kr)천병혁 기자구독천병혁 기자의 구독을 취소하시겠습니까?구독에서 해당 기자의 기사가 제외됩니다.예아니오닫기구독자-응원수-MLB 볼티모어, 7년 만에 가을야구…탬파베이는 5년 연속 PS 진출6연승 두산, 가을야구 보인다…4연패 KIA 위태로운 PSCopyright ⓒ 연합뉴스. All rights reserved. 무단 전재 및 재배포 금지.기사 섹션 분류 가이드기사 섹션 분류 안내스포츠 기사 섹션(종목) 정보는 언론사 분류와 기술 기반의 자동 분류 시스템을 따르고 있습니다. 오분류에 대한 건은 네이버스포츠로 제보 부탁드립니다.오분류 제보하기가이드 닫기[앱 다운] 빠르고 정확한 연합뉴스를 받아보세요뉴스제보는 연합뉴스 okjebo 톡!"
20230831,"'박해민 끝내기' LG 3연패 탈출…4연승 kt, 선두 맹추격(종합)",스포츠,0,"키움, 연장 12회초 6득점 폭발…KIA, NC 페디 무너뜨리고 5연승롯데, 한화 꺾고 7연패 탈출…한화는 7연패 수렁LG 박해민[연합뉴스 자료사진]    (서울·수원=연합뉴스) 천병혁 하남직 김경윤 기자 = 최근 주춤거리던 선두 LG 트윈스가 힘겹게 3연패에서 벗어났다.    LG는 31일 잠실구장에서 열린 2023 신한은행 SOL KBO리그 두산 베어스와 홈경기에서 연장 10회말 박해민이 극적인 끝내기 안타를 터뜨려 3-2로 역전승했다.    이로써 3연패에서 벗어난 LG는 한국시리즈 직행 티켓을 향해 선두 질주를 계속했다.    케이시 켈리와 곽빈이 선발 대결을 펼친 경기에서 종반까지 두산이 주도권을 잡았다.     두산은 6회초 2사 후 앙석환이 좌익선상 2루타를 치고 나간 뒤 김재환의 좌전 적시타로 선취점을 뽑았다.    8회초에는 김재호와 호세 로하스의 연속 안타에 이어 양석환이 희생플라이를 날려 2-0으로 앞섰다.    끌려가던 LG는 8회말 동점을 만드는 데 성공했다.    1사 후 오스틴 딘이 두산 세 번째 투수 홍건희를 상대로 좌월 솔로 홈런을 터뜨려 1점을 만회했다.    계속된 공격에서 문보경과 오지환의 연속 안타로 1, 3루의 기회를 잡은 LG는 박동원의 내야땅볼로 2-2를 만들었다.    승부를 연장으로 몰고 간 LG는 10회말 오지환이 우전안타, 박동원은 볼넷을 골라 1사 1, 2루가 됐다.    이어 문성주가 좌익수 뜬공으로 물러났으나 2사 후 타석에 나선 박해민이 천금 같은 좌전 안타로 2루 주자를 불러들여 짜릿한 승리를 낚았다.kt wiz 알포드[kt wiz 제공. 재배포 및 DB 금지]    후반기 무서운 상승세를 탄 2위 kt wiz는 수원 홈경기에서 앤서니 알포드와 박병호의 홈런포를 앞세워 삼성 라이온즈를 6-4로 꺾었다.    최근 4연승을 달린 kt는 선두 LG와 4.5게임 차를 유지했다.    kt는 1회말 앤서니 알포드의 적시타로 선취점을 뽑았으나 삼성은 2회초 이재현의 내야안타로 1-1을 만들었다.    kt는 공수 교대 뒤 2사 만루에서 황재균이 2타점 적시타를 날려 3-1로 앞섰으나 삼성은 3회초 상대 실책 속에 2점을 뽑아 3-3 재동점을 만들었다.    그러나 kt는 5회말 알포드가 좌월 투런홈런을 쏘아 올려 다시 앞섰다.     삼성은 8회초 호세 피렐라가 우월 솔로홈런을 날려 1점 차로 추격했으나 kt는 8회말 박병호가 큼직한 중월 솔로포를 터뜨려 6-4로 달아나며 승기를 잡았다.키움 김휘집[연합뉴스 자료사진]     김광현과 안우진이 선발 대결을 펼친 인천에서는 키움 히어로즈가 2-2로 맞선 연장 12회초 대거 6점을 뽑아 8-3으로 SSG 랜더스를 꺾었다.    꼴찌 키움은 3연패에서 벗어났고 갈 길 바쁜 3위 SSG는 3연승에서 제동이 걸렸다.    SSG는 4회말 1사 만루에서 전의산의 희생플라이로 먼저 점수를 뽑았다.    반격에 나선 키움은 6회초 도슨의 중전 안타와 김휘집의 2루타로 1사 2, 3루를 만든 뒤 이주형의 희생플라이와 이형종의 적시타가 터져 2-1로 역전했다.    하지만 SSG는 8회말 1사 후 최정이 큼직한 좌월 솔로홈런을 날려 2-2 동점을 만들었다.    승부는 연장 12회에 갈렸다.    키움은 무사 만루에서 김휘집이 좌중월 2타점 2루타를 날려 4-2로 앞섰다.    1사 후에는 이형종이 2타점 2루타, 후속타자 송성문은 우월 2점 홈런을 쏘아 올려 8-2로 달아나며 쐐기를 박았다.    SSG는 12회말 박성한이 솔로홈런으로 1점을 만회하는 데 그쳤다.    SSG 김광현은 7회까지 삼진 5개를 뽑으며 6안타 2실점으로 막았고, 키움 안우진은 6회까지 삼진 3개를 곁들이며 5안타 1실점으로 호투했으나 둘 다 승패를 기록하지 못했다. 에런 윌커슨[연합뉴스 자료사진]    연패팀끼리 맞붙은 대전에서는 롯데 자이언츠가 한화 이글스를 5-2로 꺾었다.    7위 롯데는 7연패의 사슬을 끊은 반면 9위 한화는 7연패의 늪에서 헤어나지 못했다.     롯데는 3회초 상대 실책 속에 전준우가 2타점 3루타를 날리는 등 먼저 3점을 뽑았다.    한화는 공수 교대 뒤 롯데의 실책 2개를 틈타 2점을 만회했다.    하지만 롯데는 6회초 노진혁의 적시타로 1점을 뽑은 뒤 7회말 정훈의 적시타로 1점을 추가하며 승부를 갈랐다.    롯데 선발 에런 윌커슨은 6이닝을 5안타 2실점(비자책)으로 막아 승리투수가 됐다.솔로홈런을 날린 나성범[KIA 타이거즈 제공. 재판매 및 DB 금지]    광주에서는 KIA 타이거즈가 장단 15안타를 몰아치며 NC 다이노스를 13-3으로 대파했다.     KIA는 1회말 최형우의 2루타로 선취점을 뽑았다.    NC는 3회초 볼넷 3개로 2사 만루에서 제이슨 마틴이 싹쓸이 2루타를 날려 3-1로 뒤집었다.    그러나 KIA는 3회말 타자일순하며 NC 선발 에릭 페디를 난타했다.    선두타자 박찬호가 볼넷에 이어 도루에 성공한 뒤 김도영이 우중간 적시타를 날려 1점을 만회했다.    계속된 1사 1루에서 최형우-소크라테스 브리토-김선빈-김태군-변우혁의 연속 5안타가 이어져 3득점, 5-3으로 역전시켰다.    2사 후에는 박찬호가 2타점 2루타를 날려 7-3으로 점수 차를 벌렸다.    4회말에는 나성범이 솔로홈런을 날린 KIA는 6회에도 나성범의 2루타 등으로 2점을 추가, 10-3으로 달아났다.    8회말에는 상대 실책 속에 3점을 보태 쐐기를 박았다.     올 시즌 최고 투수 페디는 3이닝 동안 8안타와 볼넷 3개로 7실점 하는 최악의 투구로 패전의 멍에를 썼다.    5연승을 달린 5위 KIA는 4위 NC에 1게임 차로 따라붙었다.    shoeless@yna.co.kr기사제공 연합뉴스천병혁(shoeless@yna.co.kr)하남직(jiks79@yna.co.kr)김경윤(cycle@yna.co.kr)천병혁 기자구독천병혁 기자의 구독을 취소하시겠습니까?구독에서 해당 기자의 기사가 제외됩니다.예아니오닫기구독자-응원수-MLB 볼티모어, 7년 만에 가을야구…탬파베이는 5년 연속 PS 진출6연승 두산, 가을야구 보인다…4연패 KIA 위태로운 PS하남직 기자구독하남직 기자의 구독을 취소하시겠습니까?구독에서 해당 기자의 기사가 제외됩니다.예아니오닫기구독자-응원수-박혜정, 세계역도선수권 여자 최중량급 3관왕 쾌거…합계 289㎏우상혁, 다이아몬드 파이널 우승…파리올림픽 기준 기록 통과(종합)김경윤 기자구독김경윤 기자의 구독을 취소하시겠습니까?구독에서 해당 기자의 기사가 제외됩니다.예아니오닫기구독자-응원수-연합뉴스 김경윤 기자입니다LG·두산, 2026년부터 6년간 고척돔·목동구장서 셋방살이하나류현진, 승리에 아웃 1개 남기고 강판…눈부신 위기관리 능력Copyright ⓒ 연합뉴스. All rights reserved. 무단 전재 및 재배포 금지.기사 섹션 분류 가이드기사 섹션 분류 안내스포츠 기사 섹션(종목) 정보는 언론사 분류와 기술 기반의 자동 분류 시스템을 따르고 있습니다. 오분류에 대한 건은 네이버스포츠로 제보 부탁드립니다.오분류 제보하기가이드 닫기[앱 다운] 빠르고 정확한 연합뉴스를 받아보세요뉴스제보는 연합뉴스 okjebo 톡!"
20230831,끝내기 안타 친 박해민,스포츠,0,"(서울=연합뉴스) 하남직 기자 = LG 박해민이 31일 서울 잠실구장에서 열린 두산 베어스와의 홈 경기, 연장 10회말 끝내기 안타를 친 뒤 취재진과 인터뷰하고 있다.     photo@yna.co.kr기사제공 연합뉴스하남직(jiks79@yna.co.kr)현장에서 작성된 기사입니다.하남직 기자구독하남직 기자의 구독을 취소하시겠습니까?구독에서 해당 기자의 기사가 제외됩니다.예아니오닫기구독자-응원수-박혜정, 세계역도선수권 여자 최중량급 3관왕 쾌거…합계 289㎏우상혁, 다이아몬드 파이널 우승…파리올림픽 기준 기록 통과(종합)Copyright ⓒ 연합뉴스. All rights reserved. 무단 전재 및 재배포 금지.기사 섹션 분류 가이드기사 섹션 분류 안내스포츠 기사 섹션(종목) 정보는 언론사 분류와 기술 기반의 자동 분류 시스템을 따르고 있습니다. 오분류에 대한 건은 네이버스포츠로 제보 부탁드립니다.오분류 제보하기가이드 닫기[앱 다운] 빠르고 정확한 연합뉴스를 받아보세요뉴스제보는 연합뉴스 okjebo 톡!"
20230831,"'LG 이적 후 첫 끝내기' 박해민 ""팀원 모두가 승리를 원했다""",스포츠,0,"선두 LG 3연패 사슬 끊어내는 연장 10회말 끝내기 안타끝내기 안타 친 박해민(서울=연합뉴스) 하남직 기자 = LG 박해민이 31일 서울시 잠실구장에서 열린 두산 베어스와의 홈 경기, 연장 10회말 끝내기 안타를 친 뒤 취재진과 인터뷰하고 있다. (서울=연합뉴스) 하남직 기자 = 박해민(33·LG 트윈스)은 '전략'을 세우고 연장 10회말 타석에 들어섰다.     ""이런 경기는 절대 내줄 수 없다""는 간절함도 가슴에 품었다.     전략과 간절함의 융화로 'LG 이적 후 첫 끝내기 안타'가 탄생했다.     박해민은 31일 서울시 잠실구장에서 열린 프로야구 두산 베어스와의 홈 경기, 2-2로 맞선 연장 10회말 2사 1, 2루에서 상대 오른손 불펜 이영하의 시속 141㎞ 슬라이더를 받아쳐 좌익수 쪽으로 강하게 날아가는 끝내기 안타를 쳤다.     2022년 4년 60억원에 자유계약선수(FA) 계약을 하며 LG로 이적한 뒤 박해민이 친 첫 끝내기 안타였다. 박해민은 삼성 라이온즈 유니폼을 입고는 두 차례 끝내기 안타를 작렬했다.     박해민 덕에 선두 LG는 3연패 늪에서 벗어났다.     경기 뒤 만난 박해민은 ""이영하와 맞대결 성적(이날 경기 포함 33타수 14안타·타율 0.424)이 좋아서, 자신감을 안고 타석에 들어섰다. 전략도 있었다""며 ""볼 카운트 2스트라이크에 몰려 심리적으로 몰리긴 했지만, 이영하는 변화구 구속도 빨라서 빠른 공에 대비했다. 이 전략이 주효했다""고 말했다.     타격 직후 박해민은 끝내기 안타임을 직감했다.     그는 ""2루 주자 오지환이 당연히 홈에 들어올 것이라고 생각했다. 의심조차 하지 않았다""며 ""타격을 한 뒤에 바로 '이겼다'라고 생각했다""며 웃었다. LG 트윈스 박해민[연합뉴스 자료사진]LG는 지난 주말 창원 NC 다이노스와의 3연전을 모두 내줬다. 26일에는 9회말에 상대 타자의 내야 땅볼이 심판의 발에 맞아 '내야 안타'가 되면서, 결국 역전패당하는 아픔도 겪었다.     31일 두산전에서도 LG는 8회말이 시작되기 전까지 0-2로 끌려갔다.     8회말 1사 후 오스틴 딘의 솔로포로 추격을 시작하고, 1사 1, 3루 박동원의 스퀴즈 번트 때 나온 두산 투수 정철원의 '판단 착오'로 2-2 동점을 만들었다.     박해민은 ""빨리 잊으려고 해도, 쫓기는 기분이 드는 건 어쩔 수 없었다. 우리 팀 동료 모두 연패가 길어지면 안 된다고 생각했다""며 ""8회 오스틴이 홈런을 치며 더그아웃 분위기를 살렸고, 박동원도 번트 사인이 나오지 않을 것 같은데, 어려운 상황에서 번트를 시도하며 승리욕을 드러냈다. 모두가 승리를 원했다""고 치열했던 LG 분위기를 전했다.     박해민 자신도 5회말 무사 1, 2루, 두산 내야진이 거세게 압박하는 상황에서도 희생 번트에 성공했고, 연장 10회에는 적시타로 혈전을 끝냈다.     이날 승리로 선두 LG는 2위 kt wiz와의 격차를 4.5게임으로 유지했다.     박해민은 ""밖에서는 'LG가 쫓긴다'는 말도 나오지만, 실제 우리는 다른 팀을 생각할 여유조차 없다. 지금도 당장 내일 한화 이글스전을 대비할 뿐""이라며 ""시즌의 ¾을 잘 치렀다. 남은 ¼도 그렇게 치르면 된다""고 의연하게 말했다.     물론 평정심을 유지하는 박해민에게도 이날 승리는 짜릿했다.     박해민은 ""정말 간절하게 경기했다. 오늘 경기가 우리 팀에 좋은 변곡점이 됐으면 한다""고 바랐다.     jiks79@yna.co.kr기사제공 연합뉴스하남직(jiks79@yna.co.kr)현장에서 작성된 기사입니다.하남직 기자구독하남직 기자의 구독을 취소하시겠습니까?구독에서 해당 기자의 기사가 제외됩니다.예아니오닫기구독자-응원수-박혜정, 세계역도선수권 여자 최중량급 3관왕 쾌거…합계 289㎏우상혁, 다이아몬드 파이널 우승…파리올림픽 기준 기록 통과(종합)Copyright ⓒ 연합뉴스. All rights reserved. 무단 전재 및 재배포 금지.기사 섹션 분류 가이드기사 섹션 분류 안내스포츠 기사 섹션(종목) 정보는 언론사 분류와 기술 기반의 자동 분류 시스템을 따르고 있습니다. 오분류에 대한 건은 네이버스포츠로 제보 부탁드립니다.오분류 제보하기가이드 닫기[앱 다운] 빠르고 정확한 연합뉴스를 받아보세요뉴스제보는 연합뉴스 okjebo 톡!"
20230831,[프로야구 인천전적] 키움 8-3 SSG,스포츠,0,"▲ 인천전적(31일)    키움 000 002 000 006 - 8    SSG  000 100 010 001 - 3  <연장 12회>    △ 승리투수 = 임창민(2승 2패 22세이브)    △ 패전투수 = 임준섭(2패)    △ 홈런 = 송성문 5호(연장12회2점·키움)              최정 24호(8회1점) 박성한 8호(연장12회1점·이상 SSG)    (서울=연합뉴스)기사제공 연합뉴스천병혁(shoeless@yna.co.kr)천병혁 기자구독천병혁 기자의 구독을 취소하시겠습니까?구독에서 해당 기자의 기사가 제외됩니다.예아니오닫기구독자-응원수-MLB 볼티모어, 7년 만에 가을야구…탬파베이는 5년 연속 PS 진출6연승 두산, 가을야구 보인다…4연패 KIA 위태로운 PSCopyright ⓒ 연합뉴스. All rights reserved. 무단 전재 및 재배포 금지.기사 섹션 분류 가이드기사 섹션 분류 안내스포츠 기사 섹션(종목) 정보는 언론사 분류와 기술 기반의 자동 분류 시스템을 따르고 있습니다. 오분류에 대한 건은 네이버스포츠로 제보 부탁드립니다.오분류 제보하기가이드 닫기[앱 다운] 빠르고 정확한 연합뉴스를 받아보세요뉴스제보는 연합뉴스 okjebo 톡!"
20230831,"일본, 9월 A매치 명단 발표…미나미노 없지만 유럽파 21명",스포츠,0,"독일·튀르키예와 유럽서 평가전…80% 이상이 유럽파미나미노 다쿠미[AFP=연합뉴스]    (서울=연합뉴스) 이의진 기자 = 독일·튀르키예와 맞붙는 일본 축구대표팀이 미나미노 다쿠미(AS 모나코)가 빠진 9월 A매치(국가대표팀 간 경기) 소집 명단을 발표했다.    일본축구협회는 31일 홈페이지를 통해 9월 A매치 기간 소집할 26명을 발표했다. 이 가운데 유럽에서 뛰는 선수는 21명으로, 비율로 보면 80%가 넘는다.    최근 잉글랜드 프로축구 프리미어리그(EPL) 리버풀로 이적한 주장 엔도 와타루를 비롯해 가마다 다이치(라치오), 미토마 가오루(브라이턴), 도안 리쓰(프라이부르크) 등 유럽파 미드필더들이 대거 부름을 받았다.    이강인(파리 생제르맹)과 절친한 사이로 알려진 구보 다케후사(레알 소시에다드)도 이들과 함께 뛸 전망이다.    공격진도 지난해 카타르 월드컵에서 맹활약한 아사노 다쿠마(보훔), 오현규와 소속팀에서 경쟁자인 후루하시 교고, 마에다 다이젠(이상 셀틱) 등 유럽파들로 채웠다.    다만 모리야스 하지메 감독은 그간 간판 2선 자원으로 활약해온 미나미노는 부르지 않았다.    2020년 리버풀에 합류했다가 경쟁에서 밀려 AS 모나코(프랑스)로 이적한 미나미노는 최근 정규리그 3경기에서 3골 2도움으로 펄펄 날고 있다.모리야스 하지메 일본 축구대표팀 감독[EPA=연합뉴스 자료사진. 재판매 및 DB 금지]    아울러 간판 수비수였던 요시다 마야(LA 갤럭시)도 발탁되지 못했다. 요시다는 지난 6월 엔도에게 주장 완장을 넘겨줬다.    일본은 지난 카타르 월드컵 때도 26명의 엔트리 중 73%가량인 19명을 유럽파로 꾸렸다.    위르겐 클린스만 감독이 꾸린 한국 축구대표팀의 9월 A매치 명단에서는 11명이 유럽파다.    일본은 현지시간으로 9월 9일 독일 볼프스부르크의 폴크스바겐 아레나에서 독일, 12일에는 벨기에 헹크의 세게카 아레나에서 튀르키예와 맞붙는다.    지난 6월 기준 독일 대표팀의 국제축구연맹(FIFA) 세계 랭킹은 15위, 튀르키예는 41위다. 일본은 20위다. 일본 축구대표팀 9월 A매치 소집 명단    ▲ 골키퍼 = 슈미트 다니엘(신트트라위던) 나카무라 고스케(포르티모넨스) 오사코 게이스케(산프레체 히로시마)    ▲ 수비수 = 다니구치 쇼고(알라이얀) 이타쿠라 고(묀헨글라트바흐) 모리시타 료야(나고야) 마치다 고키(위니옹 생질루아즈) 마이쿠마 세이야(세레소 오사카) 도미야스 다케히로(아스널) 이토 히로키(슈투트가르트) 하시오카 다이키(신트트라위던) 스가와라 유키나리(AZ 알크마르)    ▲ 미드필더 = 엔도 와타루(리버풀) 이토 준야(스타드 드 랭스) 가마다 다이치(라치오) 모리타 히데마사(스포르팅) 미토마 가오루(브라이턴) 도안 리쓰(프라이부르크) 이토 아츠키(우라와 레즈) 구보 다케후사(레알 소시에다드) 나카무라 게이토(스타드 드 랭스) 다나카 아오(포르투나 뒤셀도르프)    ▲ 공격수 = 아사노 다쿠마(보훔) 후루하시 고교 마에다 다이젠(이상 셀틱) 우에다 아야세(페예노르트)[그래픽] 9월 유럽 원정 A매치 클린스만호 선수 명단(서울=연합뉴스) 김영은 기자 = 위르겐 클린스만 한국 축구 대표팀 감독이 다친 황희찬(울버햄프턴)과 조규성(미트윌란), 오현규(셀틱)를 불러들여 9월 A매치서 첫 승리에 도전한다.     대한축구협회는 9월 유럽 원정 A매치를 앞두고 위르겐 클린스만 감독이 뽑은 국가대표 선수 명단을 28일 발표했다.    0eun@yna.co.kr    트위터 @yonhap_graphics  페이스북 tuney.kr/LeYN1    pual07@yna.co.kr기사제공 연합뉴스이의진(pual07@yna.co.kr)이의진 기자구독이의진 기자의 구독을 취소하시겠습니까?구독에서 해당 기자의 기사가 제외됩니다.예아니오닫기구독자-응원수-[아시안게임] 남자축구에 무슨 일…우즈베크·홍콩 1경기도 안 하고 16강[아시안게임] 남자 농구 '강호' 레바논 빠지고 홍콩…추일승호에 호재Copyright ⓒ 연합뉴스. All rights reserved. 무단 전재 및 재배포 금지.기사 섹션 분류 가이드기사 섹션 분류 안내스포츠 기사 섹션(종목) 정보는 언론사 분류와 기술 기반의 자동 분류 시스템을 따르고 있습니다. 오분류에 대한 건은 네이버스포츠로 제보 부탁드립니다.오분류 제보하기가이드 닫기[앱 다운] 빠르고 정확한 연합뉴스를 받아보세요뉴스제보는 연합뉴스 okjebo 톡!"
20230831,"한국 여자배구, 아시아선수권서 충격패 후 대만에 진땀승",스포츠,0,"기뻐하는 한국 여자배구대표팀[아시아배구연맹 홈페이지 캡처. 재판매 및 DB 금지]     (서울=연합뉴스) 장현구 기자 = 한국 여자배구대표팀이 22회 아시아선수권대회에서 충격의 역전패 후 진땀승으로 8강 진출 무산 직전에서 기사회생했다.     세사르 곤살레스 감독이 이끄는 대표팀은 31일 태국 나콘라차시마 차차이 홀에서 열린 2023 아시아선수권 C조 조별리그 2차전에서 대만을 세트 점수 3-2(25-13 25-22 23-25 22-25 15-8)로 어렵게 따돌렸다.    전날 졸전 끝에 베트남에 2-3으로 패해 암울하게 대회를 시작한 한국은 겨우 한숨을 돌렸다.    2승을 거둔 조 1위 베트남에 이어 대만과 함께 1승 1패로 동률을 이룬 한국은 9월 1일 오후 5시 같은 장소에서 2패를 당한 최약체 우즈베키스탄과 조별리그 마지막 경기를 치른다.    4개 조 조별리그가 진행 중인 이번 대회에서는 각 조 1, 2위가 8강에 진출한다.  서브 넣는 권민지[아시아배구연맹 홈페이지 캡처. 재판매 및 DB 금지]     이겼다고 마냥 크게 웃을 순 없었다.     국제배구연맹(FIVB) 세계랭킹 47위 베트남에 두 세트를 먼저 따내고도 내리 세 세트를 잃은 한국(38위)은 이날도 48위 대만에 2-0으로 앞서다가 덜미를 잡힐 뻔했다.    한국은 1세트에서 대만의 연속 공격 범실을 틈타 8-5로 앞섰고, 권민지(GS칼텍스)의 터치 아웃 득점, 정호영(KGC인삼공사)과 강소휘(GS칼텍스)의 서브 에이스 등으로 23-13으로 달아났다.    대만이 서브, 공격, 터치 네트 등 여러 범실을 쏟아낸 탓에 점수 차가 크게 벌어졌다.주포 노릇 톡톡히 해낸 강소휘[아시아배구연맹 홈페이지 캡처. 재판매 및 DB 금지]     한국은 2세트에서 블로킹이 살아난 대만에 넉 점 차까지 끌려가다가 중반 권민지, 강소휘, 이주아(흥국생명)의 연속 득점으로 17-14로 역전했다.    권민지는 23-21에서 재치 있는 밀어 넣기로 탄력 넘치는 공격으로 거세게 따라붙던 대만에 찬물을 끼얹었다.    한국은 이후 집중력이 떨어지면서 수비에서 난조를 보여 3세트에서 10-16으로 밀린 끝에 대만에 한 세트를 줬다.    접전으로 흐르던 4세트에서 한국은 20-18로 승기를 잡았으나 이후 고질인 서브 리시브 불안으로 공격다운 공격을 해보지도 못하고 대만에 거푸 실점해 21-23으로 뒤집힌 끝에 또 5세트로 끌려갔다.    한국은 5세트에 투입한 이선우(KGC인삼공사)의 천금 같은 서브 에이스 두 방과 강소휘의 블로커 터치 아웃 득점 2개를 묶어 먼저 10점에 도달한 끝에 대만을 힘겹게 뿌리쳤다.      cany9900@yna.co.kr기사제공 연합뉴스장현구(cany9900@yna.co.kr)장현구 기자구독장현구 기자의 구독을 취소하시겠습니까?구독에서 해당 기자의 기사가 제외됩니다.예아니오닫기구독자-응원수-오타니 로커 깨끗하게 정리…MLB 에인절스, 17일 상세 발표좀처럼 안 그치는 비…'가을 야구' 어쩔 수 없이 '겨울 야구'로Copyright ⓒ 연합뉴스. All rights reserved. 무단 전재 및 재배포 금지.기사 섹션 분류 가이드기사 섹션 분류 안내스포츠 기사 섹션(종목) 정보는 언론사 분류와 기술 기반의 자동 분류 시스템을 따르고 있습니다. 오분류에 대한 건은 네이버스포츠로 제보 부탁드립니다.오분류 제보하기가이드 닫기[앱 다운] 빠르고 정확한 연합뉴스를 받아보세요뉴스제보는 연합뉴스 okjebo 톡!"
20230831,미 7월 개인소비지출가격지수 전년대비 3.3%↑…소폭 상승(종합),경제,2,"6월 상승률 감소 폭 컸던 영향…'연준 중시' 근원 PCE는 전망치 부합(뉴욕=연합뉴스) 이지헌 특파원 = 미 연방준비제도(Fed·연준)가 추가 금리인상 가능성을 열어둔 가운데 연준이 중시하는 인플레이션 지표가 7월 들어 소폭 상승했다.    미 상무부는 7월 개인소비지출(PCE) 가격지수가 전년 동월보다 3.3% 상승했다고 31일(현지시간) 밝혔다. 전월 대비로는 0.2% 상승했다.    전월 대비 상승률은 6월(0.2%)과 같았지만, 전년 동월 대비 상승률이 6월(3.0%) 대비 소폭 상승했다.    상품가격이 1년 전 같은 달 대비 0.5% 하락했지만, 서비스가격이 5.2% 상승했다. 식료품 가격은 전년 동월 대비 3.5% 상승했고, 에너지 가격은 14.6% 하락했다.    에너지와 식료품을 제외한 근원 PCE 가격지수는 전년 동기 대비 4.2%, 전월보다 0.2% 각각 상승해 두 지표 모두 월스트리트저널(WSJ)이 집계한 전문가 전망치에 부합했다.    전월 대비 상승률은 6월과 같았지만 전년 동기 대비 상승률이 6월(4.1%) 대비 소폭 오른 수준을 나타냈다.    근원 PCE 가격지수는 미래 물가 추세를 예측하는 가늠자 역할을 해 연준이 가장 선호하는 물가 지표로 평가된다.    7월 PCE 가격지수 상승률이 소폭 올랐지만 지난 6월 상승률 둔화 폭이 워낙 컸던 점을 고려하면 인플레이션 둔화세가 반전된 것으로 보긴 어렵다는 게 전문가들의 평가다.    실제로 7월 전년 동기 대비 PCE 가격지수 상승률은 4월(4.3%), 5월(3.8%)과 비교해 상대적으로 낮은 3%대 초반 상승률(전년 동월 대비)을 유지했다.    앞서 발표된 미국 소비자물가지수(CPI) 상승률 역시 7월 3.2%로, 6월(3.0%) 대비 소폭 오른 바 있다.    제롬 파월 연준 의장은 지난 25일 잭슨홀 미팅 연설에서 미국의 인플레이션이 아직 높은 수준에 머물러 있다면서 필요할 경우 추가 금리인상을 할 준비가 돼 있다고 말했다.미국 마이애미의 한 식료품점[AFP/게티이미지 연합뉴스 자료사진]    pan@yna.co.kr이지헌(pan@yna.co.kr)기자 프로필이지헌 기자구독구독중구독자 0응원수0""원유 재고 감소 전망"" 美 보고서에 유가 급등…브렌트유 92달러뉴욕 어린이집서 영유아 4명 마약 노출 증세…1명 사망연합뉴스의 구독 많은 기자를 구독해보세요!닫기Copyright ⓒ 연합뉴스. All rights reserved. 무단 전재 및 재배포 금지. 이 기사는 언론사에서 경제, 세계 섹션으로 분류했습니다.기사 섹션 분류 안내기사의 섹션 정보는 해당 언론사의 분류를 따르고 있습니다. 언론사는 개별 기사를 2개 이상 섹션으로 중복 분류할 수 있습니다.닫기구독메인에서 바로 보는 언론사 편집 뉴스 지금 바로 구독해보세요!구독중메인에서 바로 보는 언론사 편집 뉴스 지금 바로 확인해보세요![앱 다운] 빠르고 정확한 연합뉴스를 받아보세요뉴스제보는 연합뉴스 okjebo 톡!			주요뉴스해당 언론사에서 선정하며 언론사 페이지(아웃링크)로 이동해 볼 수 있습니다. 평택 환전소 외국인 강도 1명 이미 해외 도주…범행 4시간여만 고교생이 쏘아 올린 헬륨 풍선, 성층권서 거제·대마도 촬영 ""내 생사 두고 떠드는데…"" 프리고진 사망 며칠 전 영상 공개 국내 첫 레즈비언 부부 '딸' 태어났다…""다양한 가족 인정되길"" 추락사 경찰관 일행 8명 추가 확인…15명 모두 출금이 기사를 추천합니다기사 추천은 24시간 내 50회까지 참여할 수 있습니다.닫기쏠쏠정보0흥미진진0공감백배0분석탁월0후속강추0  모두에게 보여주고 싶은 기사라면?beta이 기사를 추천합니다 버튼을 눌러주세요.  집계 기간 동안 추천을 많이 받은 기사는 네이버 자동 기사배열 영역에 추천 요소로 활용됩니다.레이어 닫기 연합뉴스 언론사홈 바로가기 언론사 구독 후 기사보기구독 없이 계속 보기기자 구독 후 기사보기구독 없이 계속 보기"
20230831,보호대상 마약사범에게서 뇌물 받은 보호관찰관 구속,사회,3,"(성남=연합뉴스) 최종호 기자 = 경기 성남중원경찰서는 보호관찰 대상인 마약사범의 재범을 눈감아주는 대가로 돈을 받아 챙긴 50대 보호관찰관 A 씨를 구속했다고 31일 밝혔다.성남중원경찰서[경기남부경찰청 제공]    A 씨는 보호관찰 대상인 40대 B 씨에게서 올해 5월 500만원을 받아 챙긴 혐의(수뢰후부정처사)를 받고 있다.    그는 B 씨의 재범을 막기 위해 매달 한 차례씩 B 씨를 상대로 마약 검사를 해오던 중 지난 5월 검사에서 마약 양성 반응으로 의심되는 결과가 나오자 그를 추궁해 재범한 사실을 확인하고 이를 눈감아주는 대가로 돈을 받아 챙긴 것으로 조사됐다.    A 씨는 돈을 받은 뒤 B 씨의 마약 검사 결과를 문제없는 것처럼 꾸몄다.    아울러 경찰은 B 씨 진술 등을 토대로 A 씨가 추가로 수천만 원을 요구해 돈을 주겠다는 B 씨의 약속을 받아낸 것으로 의심하고 있다.    A 씨는 추가 금품 요구 의혹에 대해 부인하는 것으로 전해졌다.    경찰은 A 씨의 여죄를 수사하고 있다.    zorba@yna.co.kr최종호(zorba@yna.co.kr)기자 프로필최종호 기자구독구독중구독자 0응원수0숨진 용인 교사, 당국 도움 못 받아…""지원 요청 없었다""수도권 지하철 4호선서 선로보수 장비 사고…운행 지연연합뉴스의 구독 많은 기자를 구독해보세요!닫기Copyright ⓒ 연합뉴스. All rights reserved. 무단 전재 및 재배포 금지. 이 기사는 언론사에서 사회 섹션으로 분류했습니다.기사 섹션 분류 안내기사의 섹션 정보는 해당 언론사의 분류를 따르고 있습니다. 언론사는 개별 기사를 2개 이상 섹션으로 중복 분류할 수 있습니다.닫기구독메인에서 바로 보는 언론사 편집 뉴스 지금 바로 구독해보세요!구독중메인에서 바로 보는 언론사 편집 뉴스 지금 바로 확인해보세요![앱 다운] 빠르고 정확한 연합뉴스를 받아보세요뉴스제보는 연합뉴스 okjebo 톡!			주요뉴스해당 언론사에서 선정하며 언론사 페이지(아웃링크)로 이동해 볼 수 있습니다. 평택 환전소 외국인 강도 1명 이미 해외 도주…범행 4시간여만 고교생이 쏘아 올린 헬륨 풍선, 성층권서 거제·대마도 촬영 ""내 생사 두고 떠드는데…"" 프리고진 사망 며칠 전 영상 공개 국내 첫 레즈비언 부부 '딸' 태어났다…""다양한 가족 인정되길"" 추락사 경찰관 일행 8명 추가 확인…15명 모두 출금이 기사를 추천합니다기사 추천은 24시간 내 50회까지 참여할 수 있습니다.닫기쏠쏠정보0흥미진진0공감백배0분석탁월0후속강추0  모두에게 보여주고 싶은 기사라면?beta이 기사를 추천합니다 버튼을 눌러주세요.  집계 기간 동안 추천을 많이 받은 기사는 네이버 자동 기사배열 영역에 추천 요소로 활용됩니다.레이어 닫기 연합뉴스 언론사홈 바로가기 언론사 구독 후 기사보기구독 없이 계속 보기기자 구독 후 기사보기구독 없이 계속 보기"
20230831,"벨라루스 전직 보안군요원, 스위스 법정에…정적 실종 연루 혐의",세계,0,"국제인권연맹(FIDH)이 1990년대 벨라루스 내 강제실종 사건 해결을 촉구하는 모습 [FIDH 제공. 재판매 및 DB 금지](제네바=연합뉴스) 안희 특파원 = 알렉산드르 루카셴코 벨라루스 대통령의 통치에 반대하는 인사들이 1999년 돌연 종적을 감춘 사건과 관련해 벨라루스 보안부대 전직 요원이 스위스 법정에 선다.    스위스 인권단체인 트라이얼 인터내셔널과 프랑스 파리에 본부를 둔 국제인권연맹(FIDH) 등은 31일(현지시간) 성명을 통해 전직 벨라루스 보안부대 요원인 유리 하라우스키가 스위스 장크트갈렌주 지방법원에서 내달 19∼20일 재판을 받는다고 밝혔다.     해외 체류 중인 벨라루스 야권 지도자 스뱌틀라나 치하노우스카야도 AP 통신에 ""루카셴코의 암살단원이 스위스에서 재판을 받게 됐다""고 전했다.    하라우스키는 1999년 루카셴코 대통령에 의해 해임된 유리 자하넨코 전 벨라루스 내무장관과 야당 지도자였던 빅토르 곤차르, 출판업자였던 아나톨리 크라소프스키 등 3명의 강제실종 사건에 가담한 혐의를 받는다. 실종자들은 루카셴코 대통령의 통치 노선에 반대했다는 공통점이 있다.    하라우스키는 벨라루스에서 망명해 2018년부터 스위스에 거주해왔다.    스위스 수사당국은 인권단체들이 하라우스키를 고발하자 이 사건을 보편적 관할권이 인정되는 반인도 범죄라고 보고 수사를 벌여왔다.    하라우스키는 루카셴코 대통령의 정적들을 납치·살해한 사건에 연루됐다는 점을 당국에 자백한 것으로 전해졌다. 그는 정적들의 체포에 관여했고 암살을 목격하긴 했지만 직접 살해하지는 않았다고 주장하는 것으로 알려졌다.    인권단체들은 벨라루스인이 강제실종 혐의로 스위스 법정에 선 첫 사례라고 평가하며 당국의 기소를 환영했다.    벨라루스는 루카셴코 대통령이 2020년 대선에서 6연임에 성공하면서 29년째 장기 집권을 이어가고 있다.     지난해 노벨평화상을 공동 수상한 벨라루스 인권단체 비아스나에 따르면 벨라루스에는 1천400명 이상의 정치범이 수감돼 있거나 재판을 받는다.    prayerahn@yna.co.kr안희(prayerahn@yna.co.kr)Copyright ⓒ 연합뉴스. All rights reserved. 무단 전재 및 재배포 금지. 이 기사는 언론사에서 세계, 사회 섹션으로 분류했습니다.기사 섹션 분류 안내기사의 섹션 정보는 해당 언론사의 분류를 따르고 있습니다. 언론사는 개별 기사를 2개 이상 섹션으로 중복 분류할 수 있습니다.닫기구독메인에서 바로 보는 언론사 편집 뉴스 지금 바로 구독해보세요!구독중메인에서 바로 보는 언론사 편집 뉴스 지금 바로 확인해보세요![앱 다운] 빠르고 정확한 연합뉴스를 받아보세요뉴스제보는 연합뉴스 okjebo 톡!			주요뉴스해당 언론사에서 선정하며 언론사 페이지(아웃링크)로 이동해 볼 수 있습니다. 평택 환전소 외국인 강도 1명 이미 해외 도주…범행 4시간여만 고교생이 쏘아 올린 헬륨 풍선, 성층권서 거제·대마도 촬영 ""내 생사 두고 떠드는데…"" 프리고진 사망 며칠 전 영상 공개 국내 첫 레즈비언 부부 '딸' 태어났다…""다양한 가족 인정되길"" 추락사 경찰관 일행 8명 추가 확인…15명 모두 출금이 기사를 추천합니다기사 추천은 24시간 내 50회까지 참여할 수 있습니다.닫기쏠쏠정보0흥미진진0공감백배0분석탁월0후속강추0  모두에게 보여주고 싶은 기사라면?beta이 기사를 추천합니다 버튼을 눌러주세요.  집계 기간 동안 추천을 많이 받은 기사는 네이버 자동 기사배열 영역에 추천 요소로 활용됩니다.레이어 닫기 연합뉴스 언론사홈 바로가기 언론사 구독 후 기사보기구독 없이 계속 보기"
20230831,"""부산 화이팅!""…엑스포 개최지 결정할 파리서 부산 홍보 행사",세계,6,"빗속에도 300명 행사장 찾아 한국·부산 매력에 공감""부산 파이팅!""(파리=연합뉴스) 송진원 특파원 = 31일(현지시간)  프랑스 파리에서 부산을 홍보하는 '부산데이 인(IN) 파리' 문화 행사가 열렸다. 행사 참석자들이 다 함께 기념사진을 찍고 있다. 2023. 8. 31 san@yna.co.kr    (파리=연합뉴스) 송진원 특파원 = ""부산 화이팅!""    2030세계박람회(엑스포) 개최지를 결정하는 국제박람회기구(BIE)가 있는 프랑스 파리에서 31일(현지시간) 부산을 홍보하는 문화 행사가 열렸다.    부산시와 부산글로벌도시재단이 파리 국제대학촌 한국관 잔디마당에서 마련한 '부산데이 인(IN) 파리'다.    지난 22일 부산에서 출발한 '2023 유라시아 부산 시민 대장정'을 마무리하며 파리 시민들에게 부산의 매력을 알리기 위해 먼 길을 왔다.     이성권 부산시 경제부시장은 ""부산은 산과 바다가 어우러진 국내 최대의 해안 도시이자 항구도시""라며 ""아름답고 역동적인 풍경과 함께 도시 기반 인프라가 잘 갖춰져 있어 한국에서도 살기 좋은 도시""라고 소개했다.    이어 ""오늘부터 여러분이 부산의 좋은 친구가 돼주길 바란다""며 ""부산이 열정을 갖고 도전하는 2030 박람회 유치가 꼭 성공할 수 있게 여러분의 끊임없는 관심과 노력을 부탁한다""고 호소했다.    최재철 주프랑스 한국 대사도 ""부산 엑스포는 전 국가적 이벤트로서, 모든 이가 이 엑스포 유치를 위해 열심히 노력하고 있다""면서 응원을 부탁했다.    하원 불한 친선협회장인 사브리나 세바이(녹색당) 의원도 참석했다.    한국 음식과 언어 등 문화에 관심이 많다는 세바이 의원은 ""한불 의원 친선협회장으로서 부산이 2030 엑스포 개최지로 결정될 것으로 기대한다""면서 ""부산 화이팅""이라고 응원했다.동아대 태권도 시범단의 공연(파리=연합뉴스) 송진원 특파원 = 31일(현지시간) 프랑스 파리에서 열린 '부산데이 인(IN) 파리' 행사에서 동아대 태권도 시범단이 공연을 펼치고 있다. 2023. 8. 31 san@yna.co.kr    이날 행사장엔 한글과 한복, 태권도, 케이(K)-뷰티, 부산 어묵 등을 홍보하는 부스가 마련돼 한국 문화에 관심 있는 사람들의 발길을 끌었다. 파리시민의 응원 메시지 보드도 운영했다.     동아대 태권도 시범단의 발차기, 케이팝(K-POP) 댄스 그룹 리신의 공연 무대도 펼쳐졌다.    행사 도중 비가 쏟아졌지만 300명가량의 시민이 잔디 마당을 떠나지 않고 함께 즐겼다.    친구와 함께 온 미넬리스(21·여)씨는 ""부산에서 엑스포를 유치하기 위해 이 행사를 기획했다고 들었다""며 ""부산을 가보진 않았지만 꼭 가보고 싶다. 부산에서 엑스포가 열리길 기원한다""고 말했다.    행운권 추첨을 기대하고 행사장에 왔다는 카롤린느(23·여)씨 역시 ""부산이 엑스포 유치를 할 수 있게 행운을 빈다""고 힘을 보탰다.    태권도 시범을 보이기 위해 전날 14시간의 비행 끝에 부산에서 파리에 도착했다는 동아대 2학년 김효정 양은 ""비가 와서 준비한 걸 많이 못 보여줘 아쉽지만, 많은 분이 적극적으로 참여해줘서 저희도 더 적극적으로 할 수 있었다""며 ""이 정도 분위기면 부산 엑스포는 충분할 것 같다""고 기대했다.    유라시아 시민대장정에 참여한 청년들은 내달 1일(현지시간) 에펠탑을 보기 위해 관광객이 가장 많이 몰리는 트로카데로 광장에서 추가로 태권도 시범과 케이팝 공연을 펼친다.(파리=연합뉴스) 송진원 특파원 = 31일(현지시간) 프랑스 파리 국제대학촌 한국관 앞 잔디마당에서 열린 '부산데이 인 파리' 행사에서 이성권 부산시 경제부시장(왼쪽부터)과 사브리나 세바이 하원 불한친선협회장, 최재철 주프랑스 한국 대사가 기념사진을 찍고 있다. 2023. 8. 31 san@yna.co.krsan@yna.co.kr송진원(san@yna.co.kr)기자 프로필송진원 기자구독구독중구독자 0응원수0연합뉴스 송진원입니다.스페인서 이번엔 행인이 생방송 하던 여기자 엉덩이 '툭'[속보] 크렘린궁 ""양국, 北 비행사 우주 보낼 가능성 논의""연합뉴스의 구독 많은 기자를 구독해보세요!닫기Copyright ⓒ 연합뉴스. All rights reserved. 무단 전재 및 재배포 금지. 이 기사는 언론사에서 세계 섹션으로 분류했습니다.기사 섹션 분류 안내기사의 섹션 정보는 해당 언론사의 분류를 따르고 있습니다. 언론사는 개별 기사를 2개 이상 섹션으로 중복 분류할 수 있습니다.닫기구독메인에서 바로 보는 언론사 편집 뉴스 지금 바로 구독해보세요!구독중메인에서 바로 보는 언론사 편집 뉴스 지금 바로 확인해보세요![앱 다운] 빠르고 정확한 연합뉴스를 받아보세요뉴스제보는 연합뉴스 okjebo 톡!			주요뉴스해당 언론사에서 선정하며 언론사 페이지(아웃링크)로 이동해 볼 수 있습니다. 평택 환전소 외국인 강도 1명 이미 해외 도주…범행 4시간여만 고교생이 쏘아 올린 헬륨 풍선, 성층권서 거제·대마도 촬영 ""내 생사 두고 떠드는데…"" 프리고진 사망 며칠 전 영상 공개 국내 첫 레즈비언 부부 '딸' 태어났다…""다양한 가족 인정되길"" 추락사 경찰관 일행 8명 추가 확인…15명 모두 출금이 기사를 추천합니다기사 추천은 24시간 내 50회까지 참여할 수 있습니다.닫기쏠쏠정보0흥미진진0공감백배0분석탁월0후속강추0  모두에게 보여주고 싶은 기사라면?beta이 기사를 추천합니다 버튼을 눌러주세요.  집계 기간 동안 추천을 많이 받은 기사는 네이버 자동 기사배열 영역에 추천 요소로 활용됩니다.레이어 닫기 연합뉴스 언론사홈 바로가기 언론사 구독 후 기사보기구독 없이 계속 보기기자 구독 후 기사보기구독 없이 계속 보기"
20230831,강원 인제 하늘에 뜬 슈퍼 블루문,사회,0,"(인제=연합뉴스) 31일 저녁 강원 인제군 도심 하늘에 '슈퍼 블루문'이 떠 있다. 2023.8.31 [인제군 제공. 재판매 및 DB 금지]    conanyse@yna.co.kr박영서(conanys@yna.co.kr)기자 프로필박영서 기자구독구독중구독자 0응원수0생활고 시달린 택배기사…외제차 타는 노부부 상대로 강도질""자는데 불 켰냐?"" 가정폭력 버릇 못 고친 40대 2심도 실형연합뉴스의 구독 많은 기자를 구독해보세요!닫기Copyright ⓒ 연합뉴스. All rights reserved. 무단 전재 및 재배포 금지. 이 기사는 언론사에서 사회 섹션으로 분류했습니다.기사 섹션 분류 안내기사의 섹션 정보는 해당 언론사의 분류를 따르고 있습니다. 언론사는 개별 기사를 2개 이상 섹션으로 중복 분류할 수 있습니다.닫기구독메인에서 바로 보는 언론사 편집 뉴스 지금 바로 구독해보세요!구독중메인에서 바로 보는 언론사 편집 뉴스 지금 바로 확인해보세요![앱 다운] 빠르고 정확한 연합뉴스를 받아보세요뉴스제보는 연합뉴스 okjebo 톡!			주요뉴스해당 언론사에서 선정하며 언론사 페이지(아웃링크)로 이동해 볼 수 있습니다. 평택 환전소 외국인 강도 1명 이미 해외 도주…범행 4시간여만 고교생이 쏘아 올린 헬륨 풍선, 성층권서 거제·대마도 촬영 ""내 생사 두고 떠드는데…"" 프리고진 사망 며칠 전 영상 공개 국내 첫 레즈비언 부부 '딸' 태어났다…""다양한 가족 인정되길"" 추락사 경찰관 일행 8명 추가 확인…15명 모두 출금이 기사를 추천합니다기사 추천은 24시간 내 50회까지 참여할 수 있습니다.닫기쏠쏠정보0흥미진진0공감백배0분석탁월0후속강추0  모두에게 보여주고 싶은 기사라면?beta이 기사를 추천합니다 버튼을 눌러주세요.  집계 기간 동안 추천을 많이 받은 기사는 네이버 자동 기사배열 영역에 추천 요소로 활용됩니다.레이어 닫기 연합뉴스 언론사홈 바로가기 언론사 구독 후 기사보기구독 없이 계속 보기기자 구독 후 기사보기구독 없이 계속 보기"
20230831,"'항명' 박정훈 전 해병대 수사단장, 내일 오전 영장실질심사(종합)",정치,41,"이종섭 국방부 장관에 대한 상관명예훼손 혐의도 적용국방부 검찰단 출석하는 박정훈 전 해병대 수사단장(서울=연합뉴스) 김인철 기자 = 박정훈 전 해병대 수사단장이 28일 오후 국방부 검찰단에 출석하기 위해 서울 용산구 국방부로 향하고 있다. 2023.8.28 yatoya@yna.co.kr    (서울=연합뉴스) 김승욱 박수윤 기자 = 채 모 상병 순직 사건을 수사하다 항명 등의 혐의로 입건된 박정훈 전 해병대 수사단장(대령)에 대한 구속 전 피의자심문(영장실질심사)이 다음달 1일 열린다.    군과 박 대령 측에 따르면 사전 구속영장이 청구된 박 대령에 대한 영장실질심사가 오는 9월 1일 오전 10시께 용산 군사법원에서 진행된다.    이날 공개된 구속영장청구서를 보면 국방부 검찰단은 박 대령에게 항명과 상관명예훼손 혐의를 적용해 구속영장을 청구했다.    채 상병 수사결과를 민간 경찰에 이첩하지 말라는 해병대 사령관의 정당한 지시를 따르지 않았으며, 무단으로 기자회견을 하고 방송에 출연해 이종섭 국방부 장관에 대한 허위 사실 적시로 명예를 훼손했다는 것이다.    검찰단은 또 박 대령이 ""언론을 통해 허위의 주장을 반복하며 증거를 인멸하고 있다""며 ""이는 처벌에 대한 두려움을 나타낸 것으로 도망할 염려가 있다는 점이 명백하게 드러난다""고 주장했다.    박 대령은 지난달 19일 집중호우 실종자를 수색하던중 급류에 휩쓸려 순직한 해병대 채 상병 관련 수사 결과를 경찰에 이첩하지 말고 보류하라는 국방부 장관의 지시를 따르지 않은 혐의(군형법상 항명)로 군검찰에 입건됐다.    그는 지난 달 30일 임성근 해병 1사단장을 비롯한 관련자 8명에 과실치사 혐의를 적용해 민간 경찰에 이첩하겠다고 이종섭 국방부 장관에게 보고했다.    이 장관은 박 전 단장의 수사 결과 보고서에 서명했지만, 다음날 수사 결과를 경찰에 이첩하지 말 것을 지시했다.    그러나 박 전 단장은 지난 2일 수사결과를 경북경찰청에 이첩했고, 국방부 검찰단은 경찰로부터 사건 자료를 회수하는 한편 박 전 단장을 '집단항명 수괴' 혐의로 입건했다. 이후 그의 혐의는 '항명'으로 바뀌었다.    국방부 조사본부는 해병대 초동조사를 재검토해 임성근 사단장을 혐의자에서 빼고 중령급 대대장 2명만 혐의자로 압축해 지난 24일 경북경찰청에 사건 자료를 넘겼다.    박 전 단장은 국방부 장관으로부터 수사결과 이첩을 보류하라는 지시를 명시적으로 받지 못했다면서, 국방부 법무관리관이 죄명과 피의사실, 혐의 등을 수사 보고서에서 빼라는 외압을 행사했다고 주장했다.    박 단장은 지난 11일 군검찰의 출석 요구를 거부한 뒤 수사심의위원회 소집을 요구해, 지난 25일 수사심의위가 열렸으나 결론이 나지 않았고 군검찰은 박 전 단장에게 28일 출석할 것을 요구했다.    박 전 단장은 출석해 서면 진술서만 제출하고 직접적인 진술은 거부했다. 특히 진술서에서 김계환 해병대사령관이 ""오전 대통령실에서 VIP 주재 회의간 1사단 수사결과에 대한 언급이 있었고 VIP가 격노했다""고 말했다고 주장했으나, 김 사령관은 군검찰 조사에서 ""그런 사실이 없다""고 진술한 것으로 전해졌다.    신범철 국방부 차관은 전날 국회 예산결산특별위원회 전체회의에 출석해 채 상병 순직 사건의 경찰 이첩 보류와 관련, 윤석열 대통령과 이종섭 국방부 장관이 통화하지 않은 것으로 안다고 말했다.    권칠승 더불어민주당 수석대변인은 전날 박 대령에 대한 구속영장이 청구되자 ""진실을 말하는 박 대령의 입을 구속으로 틀어막으려는 술책""이라고 비판했다.clap@yna.co.kr김승욱(kind3@yna.co.kr)박수윤(clap@yna.co.kr)기자 프로필김승욱 기자구독구독중구독자 0응원수0안녕하세요. 김승욱 기자입니다 일부 前해군총장 홍범도함 함명변경 반대…""배는 부모같은 존재""전쟁기념관, '북한 군사도발실' 신설…북 무인기 실물 공개박수윤 기자구독구독중구독자 0응원수0독립운동가 윤기섭·지청천·이상룡 '육사 명예졸업증' 반납한다독립운동가 윤기섭·지청천·이상룡 '육사 명예졸업증' 반납한다(종합)연합뉴스의 구독 많은 기자를 구독해보세요!닫기Copyright ⓒ 연합뉴스. All rights reserved. 무단 전재 및 재배포 금지. 이 기사는 언론사에서 정치, 사회 섹션으로 분류했습니다.기사 섹션 분류 안내기사의 섹션 정보는 해당 언론사의 분류를 따르고 있습니다. 언론사는 개별 기사를 2개 이상 섹션으로 중복 분류할 수 있습니다.닫기구독메인에서 바로 보는 언론사 편집 뉴스 지금 바로 구독해보세요!구독중메인에서 바로 보는 언론사 편집 뉴스 지금 바로 확인해보세요!			주요뉴스해당 언론사에서 선정하며 언론사 페이지(아웃링크)로 이동해 볼 수 있습니다. 尹대통령 차량 통과 직전 반대편 도로서 택시-경찰차 충돌 38세 빈살만, 불로장생에 진심…매년 1조3천억원 노화연구 후원 中 유명배우 쑹쭈얼 80억원대 탈세 의혹…당국 ""세무조사 실시"" ""아이라인 시술이 이게 뭐야""…병원서 행패부린 아나운서 벌금 가스라이팅한 여성 수년간 성매매시키고 돈 뜯은 부부 중형 선고이 기사를 추천합니다기사 추천은 24시간 내 50회까지 참여할 수 있습니다.닫기쏠쏠정보0흥미진진0공감백배0분석탁월0후속강추0  모두에게 보여주고 싶은 기사라면?beta이 기사를 추천합니다 버튼을 눌러주세요.  집계 기간 동안 추천을 많이 받은 기사는 네이버 자동 기사배열 영역에 추천 요소로 활용됩니다.레이어 닫기 연합뉴스 언론사홈 바로가기 언론사 구독 후 기사보기구독 없이 계속 보기기자 구독 후 기사보기구독 없이 계속 보기"
20230831,강원 인제 하늘에 뜬 슈퍼 블루문,사회,0,"(인제=연합뉴스) 31일 저녁 강원 인제군 도심 하늘에 '슈퍼 블루문'이 떠 있다. 2023.8.31 [인제군 제공. 재판매 및 DB 금지]    conanyse@yna.co.kr박영서(conanys@yna.co.kr)기자 프로필박영서 기자구독구독중구독자 0응원수0생활고 시달린 택배기사…외제차 타는 노부부 상대로 강도질""자는데 불 켰냐?"" 가정폭력 버릇 못 고친 40대 2심도 실형연합뉴스의 구독 많은 기자를 구독해보세요!닫기Copyright ⓒ 연합뉴스. All rights reserved. 무단 전재 및 재배포 금지. 이 기사는 언론사에서 사회 섹션으로 분류했습니다.기사 섹션 분류 안내기사의 섹션 정보는 해당 언론사의 분류를 따르고 있습니다. 언론사는 개별 기사를 2개 이상 섹션으로 중복 분류할 수 있습니다.닫기구독메인에서 바로 보는 언론사 편집 뉴스 지금 바로 구독해보세요!구독중메인에서 바로 보는 언론사 편집 뉴스 지금 바로 확인해보세요![앱 다운] 빠르고 정확한 연합뉴스를 받아보세요뉴스제보는 연합뉴스 okjebo 톡!			주요뉴스해당 언론사에서 선정하며 언론사 페이지(아웃링크)로 이동해 볼 수 있습니다. 평택 환전소 외국인 강도 1명 이미 해외 도주…범행 4시간여만 고교생이 쏘아 올린 헬륨 풍선, 성층권서 거제·대마도 촬영 ""내 생사 두고 떠드는데…"" 프리고진 사망 며칠 전 영상 공개 국내 첫 레즈비언 부부 '딸' 태어났다…""다양한 가족 인정되길"" 추락사 경찰관 일행 8명 추가 확인…15명 모두 출금이 기사를 추천합니다기사 추천은 24시간 내 50회까지 참여할 수 있습니다.닫기쏠쏠정보0흥미진진0공감백배0분석탁월0후속강추0  모두에게 보여주고 싶은 기사라면?beta이 기사를 추천합니다 버튼을 눌러주세요.  집계 기간 동안 추천을 많이 받은 기사는 네이버 자동 기사배열 영역에 추천 요소로 활용됩니다.레이어 닫기 연합뉴스 언론사홈 바로가기 언론사 구독 후 기사보기구독 없이 계속 보기기자 구독 후 기사보기구독 없이 계속 보기"
20230831,구름이 그린 달빛,사회,0,"(인제=연합뉴스) 31일 저녁 강원 인제군 도심 하늘에 '슈퍼 블루문'이 떠 있다. 2023.8.31 [인제군 제공. 재판매 및 DB 금지]    conanyse@yna.co.kr박영서(conanys@yna.co.kr)기자 프로필박영서 기자구독구독중구독자 0응원수0생활고 시달린 택배기사…외제차 타는 노부부 상대로 강도질""자는데 불 켰냐?"" 가정폭력 버릇 못 고친 40대 2심도 실형연합뉴스의 구독 많은 기자를 구독해보세요!닫기Copyright ⓒ 연합뉴스. All rights reserved. 무단 전재 및 재배포 금지. 이 기사는 언론사에서 사회 섹션으로 분류했습니다.기사 섹션 분류 안내기사의 섹션 정보는 해당 언론사의 분류를 따르고 있습니다. 언론사는 개별 기사를 2개 이상 섹션으로 중복 분류할 수 있습니다.닫기구독메인에서 바로 보는 언론사 편집 뉴스 지금 바로 구독해보세요!구독중메인에서 바로 보는 언론사 편집 뉴스 지금 바로 확인해보세요![앱 다운] 빠르고 정확한 연합뉴스를 받아보세요뉴스제보는 연합뉴스 okjebo 톡!			주요뉴스해당 언론사에서 선정하며 언론사 페이지(아웃링크)로 이동해 볼 수 있습니다. 평택 환전소 외국인 강도 1명 이미 해외 도주…범행 4시간여만 고교생이 쏘아 올린 헬륨 풍선, 성층권서 거제·대마도 촬영 ""내 생사 두고 떠드는데…"" 프리고진 사망 며칠 전 영상 공개 국내 첫 레즈비언 부부 '딸' 태어났다…""다양한 가족 인정되길"" 추락사 경찰관 일행 8명 추가 확인…15명 모두 출금이 기사를 추천합니다기사 추천은 24시간 내 50회까지 참여할 수 있습니다.닫기쏠쏠정보0흥미진진0공감백배0분석탁월0후속강추0  모두에게 보여주고 싶은 기사라면?beta이 기사를 추천합니다 버튼을 눌러주세요.  집계 기간 동안 추천을 많이 받은 기사는 네이버 자동 기사배열 영역에 추천 요소로 활용됩니다.레이어 닫기 연합뉴스 언론사홈 바로가기 언론사 구독 후 기사보기구독 없이 계속 보기기자 구독 후 기사보기구독 없이 계속 보기"
20230831,구름이 그린 달빛,사회,0,"(인제=연합뉴스) 31일 저녁 강원 인제군 도심 하늘에 '슈퍼 블루문'이 떠 있다. 2023.8.31 [인제군 제공. 재판매 및 DB 금지]    conanyse@yna.co.kr박영서(conanys@yna.co.kr)기자 프로필박영서 기자구독구독중구독자 0응원수0생활고 시달린 택배기사…외제차 타는 노부부 상대로 강도질""자는데 불 켰냐?"" 가정폭력 버릇 못 고친 40대 2심도 실형연합뉴스의 구독 많은 기자를 구독해보세요!닫기Copyright ⓒ 연합뉴스. All rights reserved. 무단 전재 및 재배포 금지. 이 기사는 언론사에서 사회 섹션으로 분류했습니다.기사 섹션 분류 안내기사의 섹션 정보는 해당 언론사의 분류를 따르고 있습니다. 언론사는 개별 기사를 2개 이상 섹션으로 중복 분류할 수 있습니다.닫기구독메인에서 바로 보는 언론사 편집 뉴스 지금 바로 구독해보세요!구독중메인에서 바로 보는 언론사 편집 뉴스 지금 바로 확인해보세요![앱 다운] 빠르고 정확한 연합뉴스를 받아보세요뉴스제보는 연합뉴스 okjebo 톡!			주요뉴스해당 언론사에서 선정하며 언론사 페이지(아웃링크)로 이동해 볼 수 있습니다. 평택 환전소 외국인 강도 1명 이미 해외 도주…범행 4시간여만 고교생이 쏘아 올린 헬륨 풍선, 성층권서 거제·대마도 촬영 ""내 생사 두고 떠드는데…"" 프리고진 사망 며칠 전 영상 공개 국내 첫 레즈비언 부부 '딸' 태어났다…""다양한 가족 인정되길"" 추락사 경찰관 일행 8명 추가 확인…15명 모두 출금이 기사를 추천합니다기사 추천은 24시간 내 50회까지 참여할 수 있습니다.닫기쏠쏠정보0흥미진진0공감백배0분석탁월0후속강추0  모두에게 보여주고 싶은 기사라면?beta이 기사를 추천합니다 버튼을 눌러주세요.  집계 기간 동안 추천을 많이 받은 기사는 네이버 자동 기사배열 영역에 추천 요소로 활용됩니다.레이어 닫기 연합뉴스 언론사홈 바로가기 언론사 구독 후 기사보기구독 없이 계속 보기기자 구독 후 기사보기구독 없이 계속 보기"
20230831,구름이 그린 달빛,사회,0,"(인제=연합뉴스) 31일 저녁 강원 인제군 도심 하늘에 '슈퍼 블루문'이 떠 있다. 2023.8.31 [인제군 제공. 재판매 및 DB 금지]    conanyse@yna.co.kr박영서(conanys@yna.co.kr)기자 프로필박영서 기자구독구독중구독자 0응원수0생활고 시달린 택배기사…외제차 타는 노부부 상대로 강도질""자는데 불 켰냐?"" 가정폭력 버릇 못 고친 40대 2심도 실형연합뉴스의 구독 많은 기자를 구독해보세요!닫기Copyright ⓒ 연합뉴스. All rights reserved. 무단 전재 및 재배포 금지. 이 기사는 언론사에서 사회 섹션으로 분류했습니다.기사 섹션 분류 안내기사의 섹션 정보는 해당 언론사의 분류를 따르고 있습니다. 언론사는 개별 기사를 2개 이상 섹션으로 중복 분류할 수 있습니다.닫기구독메인에서 바로 보는 언론사 편집 뉴스 지금 바로 구독해보세요!구독중메인에서 바로 보는 언론사 편집 뉴스 지금 바로 확인해보세요![앱 다운] 빠르고 정확한 연합뉴스를 받아보세요뉴스제보는 연합뉴스 okjebo 톡!			주요뉴스해당 언론사에서 선정하며 언론사 페이지(아웃링크)로 이동해 볼 수 있습니다. 평택 환전소 외국인 강도 1명 이미 해외 도주…범행 4시간여만 고교생이 쏘아 올린 헬륨 풍선, 성층권서 거제·대마도 촬영 ""내 생사 두고 떠드는데…"" 프리고진 사망 며칠 전 영상 공개 국내 첫 레즈비언 부부 '딸' 태어났다…""다양한 가족 인정되길"" 추락사 경찰관 일행 8명 추가 확인…15명 모두 출금이 기사를 추천합니다기사 추천은 24시간 내 50회까지 참여할 수 있습니다.닫기쏠쏠정보0흥미진진0공감백배0분석탁월0후속강추0  모두에게 보여주고 싶은 기사라면?beta이 기사를 추천합니다 버튼을 눌러주세요.  집계 기간 동안 추천을 많이 받은 기사는 네이버 자동 기사배열 영역에 추천 요소로 활용됩니다.레이어 닫기 연합뉴스 언론사홈 바로가기 언론사 구독 후 기사보기구독 없이 계속 보기기자 구독 후 기사보기구독 없이 계속 보기"
20230831,원장과 함께 동료 집단폭행 학원강사 2명 구속(종합),사회,10,"경찰차[연합뉴스 자료사진](인천=연합뉴스) 홍현기 기자 = 원장과 함께 동료 강사를 집단 폭행하고 금품을 빼앗은 학원강사 2명이 경찰에 구속됐다.    인천 연수경찰서는 31일 폭력행위 등 처벌에 관한 법률상 공동상해 등 혐의로 A씨 등 20∼30대 학원강사 2명을 구속했다.    김성수 인천지법 영장 전담 부장판사는 이날 오후 A씨 등의 구속 전 피의자 심문(영장실질심사)을 진행한 뒤 ""도주할 우려가 있다""며 구속영장을 발부했다.    A씨 등은 지난해 6월부터 올해 4월까지 인천시 중구와 연수구 학원에서 30대 강사 B씨를 10여차례에 걸쳐 집단 폭행한 혐의를 받고 있다.    이들의 범행으로 B씨는 갈비뼈에 금이 가고 왼쪽 눈 각막이 찢어졌으며, 십자인대까지 파열돼 전치 10주의 병원 진단을 받았다.    이들은 B씨가 학원 공금을 횡령했다고 주장하며 수차례에 걸쳐 현금 5천여만원도 빼앗은 것으로 조사됐다.    범행을 주도한 40대 학원 원장 C씨는 앞서 같은 혐의로 구속돼 재판에 넘겨진 상태다.    경찰은 이번 사건의 공범인 다른 20대 학원 강사는 범행 가담 정도가 상대적으로 가볍다고 판단해 불구속 상태로 수사하기로 했다.    hong@yna.co.kr홍현기(hong@yna.co.kr)기자 프로필홍현기 기자구독구독중구독자 0응원수06살 딸 두고 스토킹범에 살해된 엄마…4만명 엄벌탄원모텔로 29명 유인해 신체접촉 유도…4억 빼앗은 여성 2인조연합뉴스의 구독 많은 기자를 구독해보세요!닫기Copyright ⓒ 연합뉴스. All rights reserved. 무단 전재 및 재배포 금지. 이 기사는 언론사에서 사회 섹션으로 분류했습니다.기사 섹션 분류 안내기사의 섹션 정보는 해당 언론사의 분류를 따르고 있습니다. 언론사는 개별 기사를 2개 이상 섹션으로 중복 분류할 수 있습니다.닫기구독메인에서 바로 보는 언론사 편집 뉴스 지금 바로 구독해보세요!구독중메인에서 바로 보는 언론사 편집 뉴스 지금 바로 확인해보세요![앱 다운] 빠르고 정확한 연합뉴스를 받아보세요뉴스제보는 연합뉴스 okjebo 톡!			주요뉴스해당 언론사에서 선정하며 언론사 페이지(아웃링크)로 이동해 볼 수 있습니다. 평택 환전소 외국인 강도 1명 이미 해외 도주…범행 4시간여만 고교생이 쏘아 올린 헬륨 풍선, 성층권서 거제·대마도 촬영 ""내 생사 두고 떠드는데…"" 프리고진 사망 며칠 전 영상 공개 국내 첫 레즈비언 부부 '딸' 태어났다…""다양한 가족 인정되길"" 추락사 경찰관 일행 8명 추가 확인…15명 모두 출금이 기사를 추천합니다기사 추천은 24시간 내 50회까지 참여할 수 있습니다.닫기쏠쏠정보0흥미진진0공감백배0분석탁월0후속강추0  모두에게 보여주고 싶은 기사라면?beta이 기사를 추천합니다 버튼을 눌러주세요.  집계 기간 동안 추천을 많이 받은 기사는 네이버 자동 기사배열 영역에 추천 요소로 활용됩니다.레이어 닫기 연합뉴스 언론사홈 바로가기 언론사 구독 후 기사보기구독 없이 계속 보기기자 구독 후 기사보기구독 없이 계속 보기"
20230831,中 시중은행 내달 1일 예금 금리 인하…1년 만기 10bp 낮춰,세계,2,"(선양=연합뉴스) 박종국 특파원 = 중국 대형 시중은행들이 내달 1일부터 예금 금리를 인하한다고 증권시보 등 현지 매체가 31일 보도했다.중국의 시중은행 창구[바이두 캡처. 재판매 및 DB 금지]    보도에 따르면 전국 점포망을 갖춘 여러 시중은행이 내달 1일 정기예금 금리를 1년 만기는 10bp(1bp=0.01%포인트) 내리고, 2년 만기 20bp, 3년 및 5년 만기는 25bp 낮추기로 했다.    현재 시중 은행들의 예금 금리는 1년 만기가 1.65%, 2년 만기는 2.05%이며 3년과 5년 만기는 각각 2.45%와 2.5%다.    중국 시중은행들의 예금 금리 인하는 지난 6월 인하 이후 3개월 만이다.    예금 금리 인하는 은행들의 순이자마진(NIM)이 축소된 데 따른 것이라고 현지 매체는 전했다.    지난 6월 말 기준 중국 은행권 순이자마진은 1.74%로, 6개월 전인 작년 연말 1.91%보다 0.17%포인트 떨어졌다.    이런 가운데 중국 중앙은행인 인민은행이 최근 사실상 기준 금리인 대출우대금리(LPR)를 인하하면서 시중은행들의 예금 금리 인하가 불가피해진 것으로 보인다.     인민은행은 지난 21일 1년 만기 대출우대금리(LPR)를 0.1%포인트 인하해 연 3.45%로 낮췄고, 주택담보대출의 기준으로 알려진 5년 만기 LPR은 연 4.2%로 동결했다.     인민은행은 중국 경제 침체가 지속하자 지난 6월에도 1년 만기 및 5년 만기 LPR 금리를 각각 0.1%포인트씩 인하한 바 있다.    LPR 인하에 따라 대형 국영 은행들이 조만간 주택담보대출 금리 인하에 나설 것이라는 관측이 나온다.    pjk@yna.co.kr박종국(pjk@yna.co.kr)기자 프로필박종국 기자구독구독중구독자 0응원수0청풍명월 충북의 파수꾼입니다. 신속, 정확, 공정한 기사로 더 나은 세상을 이루는데 힘을 보태고 싶습니다.""北 아시안게임 선수 60여명 항저우 도착…단둥서 비행기 탑승""(종합)BMW 해외 최대 합작파트너 中업체 전현직 부총재 2명 동시 낙마연합뉴스의 구독 많은 기자를 구독해보세요!닫기Copyright ⓒ 연합뉴스. All rights reserved. 무단 전재 및 재배포 금지. 이 기사는 언론사에서 세계, 경제 섹션으로 분류했습니다.기사 섹션 분류 안내기사의 섹션 정보는 해당 언론사의 분류를 따르고 있습니다. 언론사는 개별 기사를 2개 이상 섹션으로 중복 분류할 수 있습니다.닫기구독메인에서 바로 보는 언론사 편집 뉴스 지금 바로 구독해보세요!구독중메인에서 바로 보는 언론사 편집 뉴스 지금 바로 확인해보세요![앱 다운] 빠르고 정확한 연합뉴스를 받아보세요뉴스제보는 연합뉴스 okjebo 톡!			주요뉴스해당 언론사에서 선정하며 언론사 페이지(아웃링크)로 이동해 볼 수 있습니다. 평택 환전소 외국인 강도 1명 이미 해외 도주…범행 4시간여만 고교생이 쏘아 올린 헬륨 풍선, 성층권서 거제·대마도 촬영 ""내 생사 두고 떠드는데…"" 프리고진 사망 며칠 전 영상 공개 국내 첫 레즈비언 부부 '딸' 태어났다…""다양한 가족 인정되길"" 추락사 경찰관 일행 8명 추가 확인…15명 모두 출금이 기사를 추천합니다기사 추천은 24시간 내 50회까지 참여할 수 있습니다.닫기쏠쏠정보0흥미진진0공감백배0분석탁월0후속강추0  모두에게 보여주고 싶은 기사라면?beta이 기사를 추천합니다 버튼을 눌러주세요.  집계 기간 동안 추천을 많이 받은 기사는 네이버 자동 기사배열 영역에 추천 요소로 활용됩니다.레이어 닫기 연합뉴스 언론사홈 바로가기 언론사 구독 후 기사보기구독 없이 계속 보기기자 구독 후 기사보기구독 없이 계속 보기"
20230831,"박진, 中 왕이 외교부장과 통화…""셔틀외교 차원 상호방문 협의""",정치,9,"한중일 협의체 조속 재가동하기로…인적·문화콘텐츠 교류확대 적극 노력박진 외교부 장관과 왕이 중국 외교부장[연합뉴스 자료사진]    (서울=연합뉴스) 오수진 기자 = 박진 외교부 장관은 31일 왕이 중국 중앙정치국 위원 겸 외교부장과 전화 통화를 하고 양국 외교장관 간 셔틀 외교 차원의 상호 방문 방안을 긴밀히 협의해 나가기로 했다고 외교부가 밝혔다.     양측이 상호 방문을 협의하자고 한만큼 왕 부장의 방한이 이뤄질 수 있을지 관심을 모은다. 박 장관은 지난해 8월 중국 칭다오를 방문해 왕 부장과 한중 외교장관회담을 진행한 바 있다.    외교부에 따르면 이날 박 장관은 왕 부장과 80분간 통화하며 한중관계, 한반도 문제, 지역·국제 정세 등 상호 관심사를 협의했다.     양측은 다양한 수준에서 고위급 교류와 소통을 적극적으로 추진하자고 뜻을 모았으며 외교안보대화, 인문교류촉진위, 1.5트랙 대화 등 협의체 조기 개최를 긴밀히 협의하기로 했다.    아울러 한중일 3국 정부간 협의체의 조속한 재가동을 위해 협력하자고 의견을 모았다.     박 장관과 왕 부장은 지난 29일 베이징에서 열린 한중 경제공동위원회를 통해 양국이 안정적인 공급망 관리와 경제협력 심화 방안에 대해 깊이 있는 협의가 이루어진 점을 평가했다.    박 장관은 희토류, 원자재 등 한중 공급망의 안정화를 위해 함께 노력해 나가자고 강조했다.     이와 함께 양측은 한중간 문화·인적 교류가 활성화될 수 있도록 적극적으로 노력하기로 했다.    왕 위원은 다음달 23일부터 열리는 항저우 아시안게임에 한국아 참여하는 것을 환영했다.    박 장관은 게임, 케이팝(K-POP), 드라마 등 문화 콘텐츠 교류 확대와 중국 내 우리 독립운동 사적지 보전·관리에 대해 중국 측의 협조를 요청했다. 최근 중국 정부는 내부 수리를 이유로 다롄의 뤼순 감옥 박물관 내 안중근 전시실과 옌볜조선족자치주의 윤동주 생가를 폐쇄한 바 있다.    이에 대해 왕 위원은 한국 독립운동가 사적지는 내부 수리를 완료하는 대로 정상화할 예정이라고 언급했다고 외교부는 전했다.    이날 박 장관은 북한이 소위 위성 명목의 장거리 미사일을 재차 발사한 데 이어 지난 30일 단거리 미사일 발사를 감행했다며 북한이 도발을 중단하고 담대한 구상에 따라 비핵화의 길로 돌아오도록 중국 측이 건설적인 역할을 해 달라고 당부했다.    또, 박 장관은 북한과의 인적·물적 교류 과정에서 모든 유엔 회원국이 관련 유엔 안전보장이사회 결의 및 국제규범을 성실하게 이행해야 할 것이며 이를 위해 중국과 협력해 나가기를 희망한다고 했다. 북한과 중국은 코로나19 팬더믹 발생 후 3년 7개월간 국경을 봉쇄했다가 최근 버스, 항공기, 여객 열차 운행을 재개했다.     박 장관과 왕 부장은 내년부터 2년간 한국이 유엔 안보리 비상임이사국으로 활동하는 만큼 앞으로 안보리에서 한반도·글로벌 이슈에 대해 긴밀히 소통하자고 했다.     kiki@yna.co.kr오수진(kiki@yna.co.kr)Copyright ⓒ 연합뉴스. All rights reserved. 무단 전재 및 재배포 금지. 이 기사는 언론사에서 정치 섹션으로 분류했습니다.기사 섹션 분류 안내기사의 섹션 정보는 해당 언론사의 분류를 따르고 있습니다. 언론사는 개별 기사를 2개 이상 섹션으로 중복 분류할 수 있습니다.닫기구독메인에서 바로 보는 언론사 편집 뉴스 지금 바로 구독해보세요!구독중메인에서 바로 보는 언론사 편집 뉴스 지금 바로 확인해보세요![앱 다운] 빠르고 정확한 연합뉴스를 받아보세요뉴스제보는 연합뉴스 okjebo 톡!			주요뉴스해당 언론사에서 선정하며 언론사 페이지(아웃링크)로 이동해 볼 수 있습니다. 평택 환전소 외국인 강도 1명 이미 해외 도주…범행 4시간여만 고교생이 쏘아 올린 헬륨 풍선, 성층권서 거제·대마도 촬영 ""내 생사 두고 떠드는데…"" 프리고진 사망 며칠 전 영상 공개 국내 첫 레즈비언 부부 '딸' 태어났다…""다양한 가족 인정되길"" 추락사 경찰관 일행 8명 추가 확인…15명 모두 출금이 기사를 추천합니다기사 추천은 24시간 내 50회까지 참여할 수 있습니다.닫기쏠쏠정보0흥미진진0공감백배0분석탁월0후속강추0  모두에게 보여주고 싶은 기사라면?beta이 기사를 추천합니다 버튼을 눌러주세요.  집계 기간 동안 추천을 많이 받은 기사는 네이버 자동 기사배열 영역에 추천 요소로 활용됩니다.레이어 닫기 연합뉴스 언론사홈 바로가기 언론사 구독 후 기사보기구독 없이 계속 보기"
20230831,"kt 박병호, 22일 만의 선발 복귀전서 홈런포…경이로운 맹활약",스포츠,0,"여전히 성치 않은 왼쪽 종아리 상태…""내 역할 다하고 싶어""kt wiz 박병호[kt wiz 제공. 재배포 및 DB 금지]    (수원=연합뉴스) 김경윤 기자 = kt wiz 박병호(37)는 지난 9일 한화 이글스전에서 왼쪽 종아리를 다쳤다.    근육 파열 등 심각한 부상으로 이어지진 않았지만, 통증은 쉽게 가라앉지 않았다.    박병호는 이후 선발 라인업에서 빠졌다.    몸 상태는 좋지 않았다. 수비를 볼 수도, 주루를 제대로 할 수도 없는 상태였다.    그러나 박병호는 재활군으로 내려가지 않았다. 팀 상승세에 힘을 보태야 한다는 생각 때문이었다.    이강철 kt 감독은 휴식을 권유했지만, 박병호는 1군에 남겠다고 했다. 이강철 감독은 ""박병호의 정신력이 대단한 것 같다""고 했다.    박병호는 고통을 안고 매 경기에 임했다. 선발 라인업에 이름을 올리진 못했지만, 승부처마다 대타로 나와 상대 팀을 압박했다.    박병호는 존재만으로도 kt 선수단에 큰 힘이 됐다.    박병호는 무거운 책임감 속에 미안한 감정도 느꼈다. 언제까지 벤치에서 대타 역할만 할 수는 없다고 생각했다.    그는 31일 수원케이티위즈파크에서 열린 삼성 라이온즈와 홈 경기에서 4번 지명타자로 선발 출전했다.    9일 한화전 이후 22일 만에 선발 라인업 복귀였다.kt wiz 박병호(서울=연합뉴스) 김경윤 기자 = kt wiz 박병호가 31일 수원케이티위즈파크에서 열린 2023 프로야구 삼성 라이온즈와 홈 경기를 마친 뒤 인터뷰하고 있다. 2023.8.31. cycle@yna.co.kr    몸 상태는 여전히 좋지 않았다. 그는 '몇 %까지 몸 상태가 올라왔나'라는 질문에 ""수치로 매길 수 있는 수준은 아니다""라고 말했다.    박병호는 성치 않은 몸에도 온 힘을 다해 뛰었다. 3-3으로 맞선 3회말 선두 타자로 나서 중전 안타를 쳤고, 5회엔 상대 팀 실책을 틈타 1루로 전력 질주해 출루에 성공했다.    kt는 접전을 펼쳤다. 5-3으로 앞선 8회초에 박영현이 상대 팀 호세 피렐라에게 우월 솔로 홈런을 허용해 턱밑까지 쫓겼다.    절체절명의 상황에서 박병호가 나섰다. 5-4로 앞선 8회말 선두타자로 나온 박병호는 상대 팀 김태훈의 3구째 투심 패스트볼을 공략해 가운데 담장을 넘기는 비거리 125ｍ의 대형 홈런을 터뜨렸다.    승부를 가르는 쐐기 홈런포였다.    박병호 개인으로는 시즌 11호 홈런이었고, 지난 18일 한화전 이후 7경기 만에 맛본 아치였다.    승부를 가르는 홈런인 만큼 세리머니를 할 법도 했지만, 그는 온 힘을 다해 뛰었다.    박병호는 홈런 사인이 나온 뒤에야 속도를 늦추며 베이스를 돌았다.    박병호는 선발 복귀전에서 4타수 2안타 1타점 1득점으로 활약하며 팀의 6-4 승리를 이끌었다.    경기 후 만난 박병호는 ""공을 친 순간 2루타가 될 것 같았다""라며 ""이 다리 상태로 어떻게 2루까지 뛸까 걱정했다""라고 말했다.    이어 ""그런 생각을 하면서 뛰는데 공이 담장 밖으로 넘어가 다행이었다""고 덧붙였다.    그는 ""언제까지 버틸 수 있을지는 모르겠지만, 출전 기회가 올 때는 내 역할을 다하고 싶다""라며 ""현재 팀 분위기에 조금이나마 도움이 되고 싶은 것이 솔직한 심정""이라고 밝혔다.    cycle@yna.co.kr기사제공 연합뉴스김경윤(cycle@yna.co.kr)현장에서 작성된 기사입니다.김경윤 기자구독김경윤 기자의 구독을 취소하시겠습니까?구독에서 해당 기자의 기사가 제외됩니다.예아니오닫기구독자-응원수-연합뉴스 김경윤 기자입니다LG·두산, 2026년부터 6년간 고척돔·목동구장서 셋방살이하나류현진, 승리에 아웃 1개 남기고 강판…눈부신 위기관리 능력Copyright ⓒ 연합뉴스. All rights reserved. 무단 전재 및 재배포 금지.기사 섹션 분류 가이드기사 섹션 분류 안내스포츠 기사 섹션(종목) 정보는 언론사 분류와 기술 기반의 자동 분류 시스템을 따르고 있습니다. 오분류에 대한 건은 네이버스포츠로 제보 부탁드립니다.오분류 제보하기가이드 닫기[앱 다운] 빠르고 정확한 연합뉴스를 받아보세요뉴스제보는 연합뉴스 okjebo 톡!"
20230831,"'박해민 끝내기' LG, 3연패 탈출…9승 2패로 두산전 우세 확정",스포츠,0,"안타 치는 박해민[연합뉴스 자료사진](서울=연합뉴스) 하남직 기자 = LG 트윈스가 짜릿한 역전극을 펼치며 4연패 늪에서 벗어났다.     LG는 31일 서울시 잠실구장에서 열린 2023 신한은행 SOL KBO리그 홈 경기에서 두산 베어스에 3-2, 연장 10회 끝내기 승리를 거뒀다.     2-2로 맞선 연장 10회말 1사 후 LG는 오지환의 우전 안타와 박동원의 볼넷으로 1, 2루 기회를 만들었다.     문성주는 좌익수 뜬공으로 물러났지만, 박해민이 2사 1, 2루에서 두산 이영하를 공략해 좌전 적시타를 쳤다. 2루 주자 오지환이 홈을 밟으면서 연장 10회 혈전이 끝났다.     LG는 0-2로 뒤진 8회말, 화력과 기동력으로 '대역전극의 서막'을 열었다.      1사 주자 없는 상황, LG 외국인 타자 오스틴 딘이 홍건희의 시속 147㎞ 직구를 받아쳐 좌중간 담을 넘어가는 솔로 아치를 그렸다. 타구 속력은 시속 173.7㎞였다.     문보경과 오지환이 홍건희를 상대로 연속 안타를 쳐 LG는 1사 1, 3루 기회를 이어갔고, 두산은 서둘러 마무리 정철원을 마운드에 올렸다.     강공 자세를 취하던 LG 박동원은 자세를 바꿔 초구 몸쪽 높은 공에 스퀴즈 번트를 시도했다.     타구는 빠르게 두산 투수 정철원 앞으로 굴러갔다.     이때 두산의 치명적인 실수가 나왔다.     3루 주자 최승민은 베이스 앞으로 몇 걸음을 나오다가 멈췄고, 정철원은 3루수 허경민의 '콜'에 따라 1루로 송구했다.     정철원이 1루로 송구하는 순간, 최승민은 다시 홈으로 내달렸다.     1루를 거치고 날아온 두산의 송구는 최승민보다 한참 늦게 홈플레이트에 도달했다.     LG는 홈런으로 추격하고, 상대 실수를 틈탄 주루로 동점을 만들었다.     0의 균형을 깬 건, 두산이었다.     6회초 2사 후 양석환이 LG 선발 케이시 켈리의 커브를 받아쳐 좌익수 쪽으로 날아가는 2루타를 치자, 타격 부진으로 6번으로 내려간 김재환이 켈리의 초구 직구를 공략해 좌전 적시타를 작렬했다.     8회초에는 김재호와 호세 로하스의 연속 안타로 무사 1, 2루 기회를 잡고, 양의지의 좌익수 뜬공과 양석환의 우익수 뜬공 때 김재호가 3루와 홈 플레이트를 차례대로 밟아 추가점을 뽑았다.     하지만, 선두 LG는 무서운 뒷심을 발휘하며 8회말에 동점을 만들고, 연장 10회말에 박해민의 적시타로 경기를 끝냈다.     LG는 이날 승리로 올 시즌 두산과의 전적에서 9승 2패로 앞서, '시즌 맞대결 우세'를 확정했다. LG는 두산과 남은 5경기에서 다 져도 상대 전적에서 앞선다.      2016년부터 2021년까지 6시즌 연속 두산과의 맞대결 전적에서 밀렸던 LG는 지난해 10승 6패로 상대를 압도하더니, 올해는 최근 두산전 5연승을 거두며 일찌감치 '우세'를 확정했다.     두산은 LG전 5연패 사슬에 묶였고, 최근 3연패 늪에도 빠졌다.     jiks79@yna.co.kr기사제공 연합뉴스하남직(jiks79@yna.co.kr)현장에서 작성된 기사입니다.하남직 기자구독하남직 기자의 구독을 취소하시겠습니까?구독에서 해당 기자의 기사가 제외됩니다.예아니오닫기구독자-응원수-박혜정, 세계역도선수권 여자 최중량급 3관왕 쾌거…합계 289㎏우상혁, 다이아몬드 파이널 우승…파리올림픽 기준 기록 통과(종합)Copyright ⓒ 연합뉴스. All rights reserved. 무단 전재 및 재배포 금지.기사 섹션 분류 가이드기사 섹션 분류 안내스포츠 기사 섹션(종목) 정보는 언론사 분류와 기술 기반의 자동 분류 시스템을 따르고 있습니다. 오분류에 대한 건은 네이버스포츠로 제보 부탁드립니다.오분류 제보하기가이드 닫기[앱 다운] 빠르고 정확한 연합뉴스를 받아보세요뉴스제보는 연합뉴스 okjebo 톡!"
20230831,"노르웨이, 말리 주재 대사관 폐쇄키로…""안보상황 고려""",세계,0,"""정상적 외교활동 어려워질 것""…유엔 평화유지군, 병력 철수 예정유엔 평화유지군위 사진은 기사 내용과 무관합니다 [로이터 연합뉴스 자료사진. 재판매 및 DB 금지] (브뤼셀=연합뉴스) 정빛나 특파원 = 노르웨이는 안보상황을 이유로 말리에 있는 자국 대사관을 폐쇄하겠다고 31일(현지시간) 발표했다.    노르웨이 외교부는 이날 성명을 내고 ""안보 상황을 고려할 때 (대사관 유지가) 노르웨이 이익을 보호하는 것이 가능한 지에 대한 평가에 따른 결정""이라며 이같이 밝혔다.     이어 ""2020년과 2021년 두 차례 군사 쿠데타 이후 말리의 정치 상황이 불안정해졌다""며 ""유엔 (평화유지군) 임무가 끝나면 정상적인 외교 활동을 유지하는 게 더욱 어려워질 것""이라고 설명했다.     앞서 프랑스군은 쿠데타로 군정이 들어선 옛 식민지 말리와 부르키나파소에서 러시아와 바그너 그룹 용병의 영향력이 커지자 양국에서 모두 철수시킨 바 있다. 프랑스 정부와 말리 군정 관계도 급격히 악화했다.     2013년부터 말리 정부의 지하디스트(이슬람 성전주의자) 무장단체 격퇴를 돕기 위해 투입된 유엔 평화유지군 역시 쿠데타로 들어선 군정 요구에 따라 올해 말까지 말리에서 모든 병력을 뺄 예정이다.     말리 수도 바마코에 있는 노르웨이 대사관은 말리뿐 아니라 부르키나파소, 니제르, 차드 등 인근 국가 외교업무를 모두 담당하고 있다.     노르웨이 외교부는 대사관 폐쇄에 따라 영사 서비스를 제공하기 위한 다른 방법을 검토 중이라고 전했다.     shine@yna.co.kr정빛나(shine@yna.co.kr)기자 프로필정빛나 기자구독구독중구독자 0응원수0EU 5개국 우크라 곡물 '직접수입 금지' 16일부터 해제(종합)EU 5개국 우크라 곡물 '직접 수입 금지' 16일부터 해제 결정연합뉴스의 구독 많은 기자를 구독해보세요!닫기Copyright ⓒ 연합뉴스. All rights reserved. 무단 전재 및 재배포 금지. 이 기사는 언론사에서 세계 섹션으로 분류했습니다.기사 섹션 분류 안내기사의 섹션 정보는 해당 언론사의 분류를 따르고 있습니다. 언론사는 개별 기사를 2개 이상 섹션으로 중복 분류할 수 있습니다.닫기구독메인에서 바로 보는 언론사 편집 뉴스 지금 바로 구독해보세요!구독중메인에서 바로 보는 언론사 편집 뉴스 지금 바로 확인해보세요![앱 다운] 빠르고 정확한 연합뉴스를 받아보세요뉴스제보는 연합뉴스 okjebo 톡!			주요뉴스해당 언론사에서 선정하며 언론사 페이지(아웃링크)로 이동해 볼 수 있습니다. 평택 환전소 외국인 강도 1명 이미 해외 도주…범행 4시간여만 고교생이 쏘아 올린 헬륨 풍선, 성층권서 거제·대마도 촬영 ""내 생사 두고 떠드는데…"" 프리고진 사망 며칠 전 영상 공개 국내 첫 레즈비언 부부 '딸' 태어났다…""다양한 가족 인정되길"" 추락사 경찰관 일행 8명 추가 확인…15명 모두 출금이 기사를 추천합니다기사 추천은 24시간 내 50회까지 참여할 수 있습니다.닫기쏠쏠정보0흥미진진0공감백배0분석탁월0후속강추0  모두에게 보여주고 싶은 기사라면?beta이 기사를 추천합니다 버튼을 눌러주세요.  집계 기간 동안 추천을 많이 받은 기사는 네이버 자동 기사배열 영역에 추천 요소로 활용됩니다.레이어 닫기 연합뉴스 언론사홈 바로가기 언론사 구독 후 기사보기구독 없이 계속 보기기자 구독 후 기사보기구독 없이 계속 보기"
20230831,[프로야구 잠실전적] LG 3-2 두산,스포츠,0,"▲ 잠실전적(31일)    두산  000 001 010 0 - 2     L G   000 000 020 1 - 3  <연장 10회>    △ 승리투수 = 김진성(3승 1패)    △ 패전투수 = 정철원(5승 4패 5세이브)    △ 홈런 = 오스틴 18호(8회1점·LG)    (서울=연합뉴스) 기사제공 연합뉴스하남직(jiks79@yna.co.kr)하남직 기자구독하남직 기자의 구독을 취소하시겠습니까?구독에서 해당 기자의 기사가 제외됩니다.예아니오닫기구독자-응원수-박혜정, 세계역도선수권 여자 최중량급 3관왕 쾌거…합계 289㎏우상혁, 다이아몬드 파이널 우승…파리올림픽 기준 기록 통과(종합)Copyright ⓒ 연합뉴스. All rights reserved. 무단 전재 및 재배포 금지.기사 섹션 분류 가이드기사 섹션 분류 안내스포츠 기사 섹션(종목) 정보는 언론사 분류와 기술 기반의 자동 분류 시스템을 따르고 있습니다. 오분류에 대한 건은 네이버스포츠로 제보 부탁드립니다.오분류 제보하기가이드 닫기[앱 다운] 빠르고 정확한 연합뉴스를 받아보세요뉴스제보는 연합뉴스 okjebo 톡!"
20230831,[프로야구 대전전적] 롯데 5-2 한화,스포츠,0,"▲ 대전전적(31일)    롯데 003 001 100 - 5    한화 002 000 000 - 2    △ 승리투수 = 윌커슨(3승 1패) △ 세이브투수 = 김원중(5승 4패 24세이브)    △ 패전투수 = 이태양(2승 1패)    (서울=연합뉴스) 기사제공 연합뉴스천병혁(shoeless@yna.co.kr)천병혁 기자구독천병혁 기자의 구독을 취소하시겠습니까?구독에서 해당 기자의 기사가 제외됩니다.예아니오닫기구독자-응원수-MLB 볼티모어, 7년 만에 가을야구…탬파베이는 5년 연속 PS 진출6연승 두산, 가을야구 보인다…4연패 KIA 위태로운 PSCopyright ⓒ 연합뉴스. All rights reserved. 무단 전재 및 재배포 금지.기사 섹션 분류 가이드기사 섹션 분류 안내스포츠 기사 섹션(종목) 정보는 언론사 분류와 기술 기반의 자동 분류 시스템을 따르고 있습니다. 오분류에 대한 건은 네이버스포츠로 제보 부탁드립니다.오분류 제보하기가이드 닫기[앱 다운] 빠르고 정확한 연합뉴스를 받아보세요뉴스제보는 연합뉴스 okjebo 톡!"
20230831,"미국, 초과근무 수당 대상 확대 추진…""360만명 추가 혜택""",사회,0,"노동부, 수당 지급 기준안 발표   조 바이든 미국 대통령[워싱턴DC AP=연합뉴스 자료사진. 재판매 및 DB 금지](서울=연합뉴스) 이도연 기자 = 미국 바이든 행정부가 초과근무 수당 지급 대상을 확대하는 방안을 발표했다고 로이터, AP 통신 등이 30일(현지시간) 보도했다.    미국 노동부가 이날 공개한 방안에 따르면 고용주는 주당 1천59달러(약 140만원) 또는 연간 5만5천68달러(약 7천300만원) 미만의 급여를 받는 근로자에게 초과근무 수당을 지급하도록 하고 있다.     현재 초과근무 수당 지급 기준은 연간 급여 기준으로 3만5천568달러(약 4천700만원)로, 전임 도널드 트럼프 행정부 시절인 2020년 정한 것이다.    새 지급 기준이 적용되면 미국 근로자 360만명이 추가로 혜택을 받게 될 전망이다.    그간 노동계와 민주당은 현재의 초과근무 수당 지급 기준이 충분하지 않다고 주장해왔다.    미국에서는 주 40시간 이상 일한 근로자에게는 반드시 초과근무 수당을 지급해야 하고, 이는 정규 임금의 1.5배여야 한다.    새 지급 기준은 시행에 앞서 여론 수렴 과정을 거칠 것으로 예상되며, 소매업을 비롯해 식품, 숙박, 제조업 등의 업종에 큰 영향을 미칠 것으로 전망된다.    노동부가 이 같은 계획을 발표하자 고용주들은 즉각 반발했다. 이들은 새 지급 기준이 노동 문제를 심화하고 높은 금리와 인플레이션, 경제적 불확실성과 싸우는 기업에 새로운 비용 부담을 떠안길 것이라고 주장했다.    전미제조업자협회(NAM)의 크리스 네트람 부회장은 ""새 규정은 이미 인력 부족과 불균형적인 규제에 시달리는 기업에 추가적인 규제 부담과 비용을 더할 것""이라고 말했다.    dylee@yna.co.kr이도연(dylee@yna.co.kr)기자 프로필이도연 기자구독구독중구독자 0응원수0푸틴과 춤춰 논란된 오스트리아 전 외무장관, 러시아로 이주국제사법재판소서 맞붙는 러 vs 우크라…러, 소송 각하 요청연합뉴스의 구독 많은 기자를 구독해보세요!닫기Copyright ⓒ 연합뉴스. All rights reserved. 무단 전재 및 재배포 금지. 이 기사는 언론사에서 사회, 세계 섹션으로 분류했습니다.기사 섹션 분류 안내기사의 섹션 정보는 해당 언론사의 분류를 따르고 있습니다. 언론사는 개별 기사를 2개 이상 섹션으로 중복 분류할 수 있습니다.닫기구독메인에서 바로 보는 언론사 편집 뉴스 지금 바로 구독해보세요!구독중메인에서 바로 보는 언론사 편집 뉴스 지금 바로 확인해보세요![앱 다운] 빠르고 정확한 연합뉴스를 받아보세요뉴스제보는 연합뉴스 okjebo 톡!			주요뉴스해당 언론사에서 선정하며 언론사 페이지(아웃링크)로 이동해 볼 수 있습니다. 평택 환전소 외국인 강도 1명 이미 해외 도주…범행 4시간여만 고교생이 쏘아 올린 헬륨 풍선, 성층권서 거제·대마도 촬영 ""내 생사 두고 떠드는데…"" 프리고진 사망 며칠 전 영상 공개 국내 첫 레즈비언 부부 '딸' 태어났다…""다양한 가족 인정되길"" 추락사 경찰관 일행 8명 추가 확인…15명 모두 출금이 기사를 추천합니다기사 추천은 24시간 내 50회까지 참여할 수 있습니다.닫기쏠쏠정보0흥미진진0공감백배0분석탁월0후속강추0  모두에게 보여주고 싶은 기사라면?beta이 기사를 추천합니다 버튼을 눌러주세요.  집계 기간 동안 추천을 많이 받은 기사는 네이버 자동 기사배열 영역에 추천 요소로 활용됩니다.레이어 닫기 연합뉴스 언론사홈 바로가기 언론사 구독 후 기사보기구독 없이 계속 보기기자 구독 후 기사보기구독 없이 계속 보기"
20230831,슈퍼블루문과 가로등,IT,0,"(광주=연합뉴스) 조남수 기자 = 31일 오후 광주 서구 쌍촌동 동쪽 하늘에 슈퍼 블루문(아래)이 떠 있다. 슈퍼문은 지구와 달 사이의 거리가 가장 가까울 때 보이는 보름달을 뜻하고 블루문은 한 달에 두 번째 뜨는 보름달을 말한다. 슈퍼문과 블루문이 동시에 뜨는 경우는 드문 현상으로 다음 슈퍼블루문 관측 기회는 14년 후인 2037년 1월 31일이다. 2023.8.31     iso64@yna.co.kr조남수(iso64@yna.co.kr)Copyright ⓒ 연합뉴스. All rights reserved. 무단 전재 및 재배포 금지. 이 기사는 언론사에서 IT, 사회 섹션으로 분류했습니다.기사 섹션 분류 안내기사의 섹션 정보는 해당 언론사의 분류를 따르고 있습니다. 언론사는 개별 기사를 2개 이상 섹션으로 중복 분류할 수 있습니다.닫기구독메인에서 바로 보는 언론사 편집 뉴스 지금 바로 구독해보세요!구독중메인에서 바로 보는 언론사 편집 뉴스 지금 바로 확인해보세요![앱 다운] 빠르고 정확한 연합뉴스를 받아보세요뉴스제보는 연합뉴스 okjebo 톡!			주요뉴스해당 언론사에서 선정하며 언론사 페이지(아웃링크)로 이동해 볼 수 있습니다. 평택 환전소 외국인 강도 1명 이미 해외 도주…범행 4시간여만 고교생이 쏘아 올린 헬륨 풍선, 성층권서 거제·대마도 촬영 ""내 생사 두고 떠드는데…"" 프리고진 사망 며칠 전 영상 공개 국내 첫 레즈비언 부부 '딸' 태어났다…""다양한 가족 인정되길"" 추락사 경찰관 일행 8명 추가 확인…15명 모두 출금이 기사를 추천합니다기사 추천은 24시간 내 50회까지 참여할 수 있습니다.닫기쏠쏠정보0흥미진진0공감백배0분석탁월0후속강추0  모두에게 보여주고 싶은 기사라면?beta이 기사를 추천합니다 버튼을 눌러주세요.  집계 기간 동안 추천을 많이 받은 기사는 네이버 자동 기사배열 영역에 추천 요소로 활용됩니다.레이어 닫기 연합뉴스 언론사홈 바로가기 언론사 구독 후 기사보기구독 없이 계속 보기"
20230831,하늘에 뜬 '슈퍼 블루문',IT,0,"(광주=연합뉴스) 조남수 기자 = 31일 오후 광주 서구 쌍촌동 동쪽 하늘에 '슈퍼 블루문'이 떠 있다. 슈퍼문은 지구와 달 사이의 거리가 가장 가까울 때 보이는 보름달을 뜻하고 블루문은 한 달에 두 번째 뜨는 보름달을 말한다. 슈퍼문과 블루문이 동시에 뜨는 경우는 드문 현상으로 다음 슈퍼블루문 관측 기회는 14년 후인 2037년 1월 31일이다. 2023.8.31     iso64@yna.co.kr조남수(iso64@yna.co.kr)Copyright ⓒ 연합뉴스. All rights reserved. 무단 전재 및 재배포 금지. 이 기사는 언론사에서 IT, 사회 섹션으로 분류했습니다.기사 섹션 분류 안내기사의 섹션 정보는 해당 언론사의 분류를 따르고 있습니다. 언론사는 개별 기사를 2개 이상 섹션으로 중복 분류할 수 있습니다.닫기구독메인에서 바로 보는 언론사 편집 뉴스 지금 바로 구독해보세요!구독중메인에서 바로 보는 언론사 편집 뉴스 지금 바로 확인해보세요![앱 다운] 빠르고 정확한 연합뉴스를 받아보세요뉴스제보는 연합뉴스 okjebo 톡!			주요뉴스해당 언론사에서 선정하며 언론사 페이지(아웃링크)로 이동해 볼 수 있습니다. 평택 환전소 외국인 강도 1명 이미 해외 도주…범행 4시간여만 고교생이 쏘아 올린 헬륨 풍선, 성층권서 거제·대마도 촬영 ""내 생사 두고 떠드는데…"" 프리고진 사망 며칠 전 영상 공개 국내 첫 레즈비언 부부 '딸' 태어났다…""다양한 가족 인정되길"" 추락사 경찰관 일행 8명 추가 확인…15명 모두 출금이 기사를 추천합니다기사 추천은 24시간 내 50회까지 참여할 수 있습니다.닫기쏠쏠정보0흥미진진0공감백배0분석탁월0후속강추0  모두에게 보여주고 싶은 기사라면?beta이 기사를 추천합니다 버튼을 눌러주세요.  집계 기간 동안 추천을 많이 받은 기사는 네이버 자동 기사배열 영역에 추천 요소로 활용됩니다.레이어 닫기 연합뉴스 언론사홈 바로가기 언론사 구독 후 기사보기구독 없이 계속 보기"
20230831,"2023 KBO리그, 폭염과 잦은 비에도 2년 연속 600만 관중 돌파",스포츠,0,"평균 관중 1만954명…최다 관중 LG-SSG-롯데-두산-삼성 차례관중 열기 뜨거운 잠실구장[연합뉴스 자료사진](서울=연합뉴스) 천병혁 기자 = 프로야구가 2년 연속 관중 600만명을 돌파했다.    KBO는 31일 전국 5개 구장에서 열린 경기에 5만41명이 입장, 시즌 총 550경기 만에 누적 관중 602만124명을 기록했다고 밝혔다.    이로써 올 프로야구는 1982년 KBO리그 출범 이후 통산 11번째 시즌 600만 관중을 달성했다.    또한 올 프로야구는 지난해 신종코로나바이러스 감염증(코로나19)이 완화되며 기록한 시즌 관중 607만6천74명도 조만간 뛰어넘을 전망이다.    전날까지 올 시즌 경기당 평균 관중 수는 1만954명으로 지난해 동일 경기 수 대비 평균관중 8천439명보다 34.6%나 증가했다.    코로나19 팬데믹 이전인 2019년(평균 1만119명)과 비교해도 4.9% 늘었다.      구단별로는 LG 트윈스가 경기당 평균 1만6천198명으로 가장 많고 SSG 랜더스가 1만4천376명으로 뒤를 이었다.    롯데 자이언츠(1만2천879명), 두산 베어스(1만2천24명), 삼성 라이온즈(1만1천339명)는 3∼5위를 기록했다.    올 시즌 프로야구는 잦은 비로 인해 75경기나 취소됐고 폭염도 기승을 부려 팬들이 경기장을 찾기가 쉽지 않았다.    또한 지난 3월 열린 월드베이스볼클래식(WBC)에서도 대표팀이 참패당했지만, 시즌이 개막된 후 치열한 순위경쟁이 펼쳐지면서 열성 팬들의 발길이 이어지고 있다.구단별 관중 현황(8월 30일 기준)[KBO 제공. 재판매 및 DB 금지]    shoeless@yna.co.kr기사제공 연합뉴스천병혁(shoeless@yna.co.kr)천병혁 기자구독천병혁 기자의 구독을 취소하시겠습니까?구독에서 해당 기자의 기사가 제외됩니다.예아니오닫기구독자-응원수-MLB 볼티모어, 7년 만에 가을야구…탬파베이는 5년 연속 PS 진출6연승 두산, 가을야구 보인다…4연패 KIA 위태로운 PSCopyright ⓒ 연합뉴스. All rights reserved. 무단 전재 및 재배포 금지.기사 섹션 분류 가이드기사 섹션 분류 안내스포츠 기사 섹션(종목) 정보는 언론사 분류와 기술 기반의 자동 분류 시스템을 따르고 있습니다. 오분류에 대한 건은 네이버스포츠로 제보 부탁드립니다.오분류 제보하기가이드 닫기[앱 다운] 빠르고 정확한 연합뉴스를 받아보세요뉴스제보는 연합뉴스 okjebo 톡!"
20230831,미 실업수당 청구 3주째 감소…4천건 줄어든 22만8천건,경제,2,"(뉴욕=연합뉴스) 이지헌 특파원 = 미국의 고용시장 상황을 가늠할 수 있는 신규 실업수당 청구가 지난주 감소세를 이어갔다.    31일(현지시간) 미국 노동부 발표에 따르면 지난주(20∼26일) 신규 실업수당 청구 건수는 22만8천건으로 한 주 전 대비 4천건 줄어 3주째 감소세를 이어갔다.    신규 실업수당 청구 감소는 미국 경제가 여전히 호조를 이어가고 있음을 시사한다.    신규 실업수당 청구 건수는 금융 및 기술 분야에서 기업들이 고용을 줄이면서 올해 들어 증가 추세를 이어오다 6월 중순 이후 등락을 거듭하고 있다.    최소 2주 이상 실업수당을 신청하는 '계속 실업수당' 청구 건수는 182만7천732건으로 직전 주 대비 1만1천433건 줄었다.미국의 한 유통업체에 게시된 구인광고[AP 연합뉴스 자료사진]    pan@yna.co.kr이지헌(pan@yna.co.kr)기자 프로필이지헌 기자구독구독중구독자 0응원수0""원유 재고 감소 전망"" 美 보고서에 유가 급등…브렌트유 92달러뉴욕 어린이집서 영유아 4명 마약 노출 증세…1명 사망연합뉴스의 구독 많은 기자를 구독해보세요!닫기Copyright ⓒ 연합뉴스. All rights reserved. 무단 전재 및 재배포 금지. 이 기사는 언론사에서 경제, 세계 섹션으로 분류했습니다.기사 섹션 분류 안내기사의 섹션 정보는 해당 언론사의 분류를 따르고 있습니다. 언론사는 개별 기사를 2개 이상 섹션으로 중복 분류할 수 있습니다.닫기구독메인에서 바로 보는 언론사 편집 뉴스 지금 바로 구독해보세요!구독중메인에서 바로 보는 언론사 편집 뉴스 지금 바로 확인해보세요![앱 다운] 빠르고 정확한 연합뉴스를 받아보세요뉴스제보는 연합뉴스 okjebo 톡!			주요뉴스해당 언론사에서 선정하며 언론사 페이지(아웃링크)로 이동해 볼 수 있습니다. 평택 환전소 외국인 강도 1명 이미 해외 도주…범행 4시간여만 고교생이 쏘아 올린 헬륨 풍선, 성층권서 거제·대마도 촬영 ""내 생사 두고 떠드는데…"" 프리고진 사망 며칠 전 영상 공개 국내 첫 레즈비언 부부 '딸' 태어났다…""다양한 가족 인정되길"" 추락사 경찰관 일행 8명 추가 확인…15명 모두 출금이 기사를 추천합니다기사 추천은 24시간 내 50회까지 참여할 수 있습니다.닫기쏠쏠정보0흥미진진0공감백배0분석탁월0후속강추0  모두에게 보여주고 싶은 기사라면?beta이 기사를 추천합니다 버튼을 눌러주세요.  집계 기간 동안 추천을 많이 받은 기사는 네이버 자동 기사배열 영역에 추천 요소로 활용됩니다.레이어 닫기 연합뉴스 언론사홈 바로가기 언론사 구독 후 기사보기구독 없이 계속 보기기자 구독 후 기사보기구독 없이 계속 보기"
20230831,"이한경 본부장, 공군작전사령부 한국항공우주작전본부 방문",정치,0,"(서울=연합뉴스) 이한경 행정안전부 재난안전관리본부장이 31일 경기 평택시 공군작전사령부 내 한국항공우주작전본부에서 박하식 공군작전사령관으로부터 설명을 듣고 있다. 2023.8.31 [행정안전부 제공. 재판매 및 DB 금지]    photo@yna.co.kr이지은(jieunlee@yna.co.kr)기자 프로필이지은 기자구독구독중구독자 0응원수0사진기자서울 지하철 노선도 새 디자인안 공개김행 여가부 장관 후보자 출근연합뉴스의 구독 많은 기자를 구독해보세요!닫기Copyright ⓒ 연합뉴스. All rights reserved. 무단 전재 및 재배포 금지. 이 기사는 언론사에서 정치, 사회 섹션으로 분류했습니다.기사 섹션 분류 안내기사의 섹션 정보는 해당 언론사의 분류를 따르고 있습니다. 언론사는 개별 기사를 2개 이상 섹션으로 중복 분류할 수 있습니다.닫기구독메인에서 바로 보는 언론사 편집 뉴스 지금 바로 구독해보세요!구독중메인에서 바로 보는 언론사 편집 뉴스 지금 바로 확인해보세요![앱 다운] 빠르고 정확한 연합뉴스를 받아보세요뉴스제보는 연합뉴스 okjebo 톡!			주요뉴스해당 언론사에서 선정하며 언론사 페이지(아웃링크)로 이동해 볼 수 있습니다. 고교생이 쏘아 올린 헬륨 풍선, 성층권서 거제·대마도 촬영 ""아이라인 시술이 이게 뭐야""…병원서 행패부린 아나운서 벌금 '정략결혼 거부' 18세 딸 살해한 파키스탄 아버지, 伊 송환 평택 환전소 외국인 강도 1명 이미 해외 도주…범행 4시간여만 ""내 생사 두고 떠드는데…"" 프리고진 사망 며칠 전 영상 공개이 기사를 추천합니다기사 추천은 24시간 내 50회까지 참여할 수 있습니다.닫기쏠쏠정보0흥미진진0공감백배0분석탁월0후속강추0  모두에게 보여주고 싶은 기사라면?beta이 기사를 추천합니다 버튼을 눌러주세요.  집계 기간 동안 추천을 많이 받은 기사는 네이버 자동 기사배열 영역에 추천 요소로 활용됩니다.레이어 닫기 연합뉴스 언론사홈 바로가기 언론사 구독 후 기사보기구독 없이 계속 보기기자 구독 후 기사보기구독 없이 계속 보기"
20230831,미 7월 PCE가격지수 전년대비 3.3%↑…6월대비 소폭 상승,경제,2,"(뉴욕=연합뉴스) 이지헌 특파원 = 미 상무부는 7월 개인소비지출(PCE) 가격지수가 전년 동월보다 3.3% 상승했다고 31일(현지시간) 밝혔다.    이는 6월 상승률(3.0%) 대비 소폭 상승한 수치다.    미 연방준비제도(Fed·연준)가 선호하는 지표인 근원 PCE 가격지수 상승률은 전년 동월 대비 4.2%로, 월스트리트저널(WSJ)이 집계한 전문가 전망치에 부합했다.미국 마이애미의 한 식료품점[AFP/게티이미지 연합뉴스 자료사진]    pan@yna.co.kr이지헌(pan@yna.co.kr)기자 프로필이지헌 기자구독구독중구독자 0응원수0""원유 재고 감소 전망"" 美 보고서에 유가 급등…브렌트유 92달러뉴욕 어린이집서 영유아 4명 마약 노출 증세…1명 사망연합뉴스의 구독 많은 기자를 구독해보세요!닫기Copyright ⓒ 연합뉴스. All rights reserved. 무단 전재 및 재배포 금지. 이 기사는 언론사에서 경제, 세계 섹션으로 분류했습니다.기사 섹션 분류 안내기사의 섹션 정보는 해당 언론사의 분류를 따르고 있습니다. 언론사는 개별 기사를 2개 이상 섹션으로 중복 분류할 수 있습니다.닫기구독메인에서 바로 보는 언론사 편집 뉴스 지금 바로 구독해보세요!구독중메인에서 바로 보는 언론사 편집 뉴스 지금 바로 확인해보세요![앱 다운] 빠르고 정확한 연합뉴스를 받아보세요뉴스제보는 연합뉴스 okjebo 톡!			주요뉴스해당 언론사에서 선정하며 언론사 페이지(아웃링크)로 이동해 볼 수 있습니다. 평택 환전소 외국인 강도 1명 이미 해외 도주…범행 4시간여만 고교생이 쏘아 올린 헬륨 풍선, 성층권서 거제·대마도 촬영 ""내 생사 두고 떠드는데…"" 프리고진 사망 며칠 전 영상 공개 국내 첫 레즈비언 부부 '딸' 태어났다…""다양한 가족 인정되길"" 추락사 경찰관 일행 8명 추가 확인…15명 모두 출금이 기사를 추천합니다기사 추천은 24시간 내 50회까지 참여할 수 있습니다.닫기쏠쏠정보0흥미진진0공감백배0분석탁월0후속강추0  모두에게 보여주고 싶은 기사라면?beta이 기사를 추천합니다 버튼을 눌러주세요.  집계 기간 동안 추천을 많이 받은 기사는 네이버 자동 기사배열 영역에 추천 요소로 활용됩니다.레이어 닫기 연합뉴스 언론사홈 바로가기 언론사 구독 후 기사보기구독 없이 계속 보기기자 구독 후 기사보기구독 없이 계속 보기"
20230831,"15안타 폭발한 KIA, NC 페디 꺾고 5연승 질주",스포츠,0,"나성범[연합뉴스 자료사진] (서울=연합뉴스) 천병혁 기자 = KIA 타이거즈가 올 시즌 최고 투수로 평가되는 에릭 페디(NC 다이노스)를 무너뜨리고 5연승을 질주했다.    KIA는 31일 광주 기아챔피언스필드에서 열린 2023 KBO리그 NC 다이노스와 홈 경기에서 장단 15안타를 몰아쳐 13-3으로 대승을 거뒀다.     이로써 5연승을 기록한 5위 KIA는 4위 NC에 1게임 차로 따라붙었다.    KIA는 1회말 최형우의 2루타로 선취점을 뽑았다.    NC는 3회초 볼넷 3개로 2사 만루에서 제이슨 마틴이 싹쓸이 2루타를 날려 3-1로 뒤집었다.    그러나 KIA는 3회말 타자일순하며 페디를 난타했다.    3회말 선두타자 박찬호가 볼넷에 이어 도루에 성공한 뒤 김도영이 우중간 적시타를 날려 1점을 만회했다.    계속된 1사 1루에서는 최형우-소크라테스 브리토-김선빈-김태군-변우혁의 연속 5안타가 이어져 3득점, 5-3으로 역전시켰다.    타순이 한 바퀴 돌고 2사 후에는 박찬호가 2타점 2루타를 날려 7-3으로 점수 차를 벌렸다.    4회말에는 나성범이 솔로홈런을 날린 KIA는 6회에도 나성범의 2루타 등으로 2점을 추가, 10-3으로 달아났다.    8회말에는 상대 실책 속에 3점을 보태 쐐기를 박았다. 에릭 페디[연합뉴스 자료사진]     KIA 선발 토머스 파노니는 5이닝 동안 3안타와 볼넷 3개로 3실점 했으나 타순의 도움으로 승리투수가 됐다.    NC 페디는 3이닝 동안 8안타와 볼넷 3개로 7실점 하는 최악의 투구로 패전의 멍에를 썼다.    shoeless@yna.co.kr기사제공 연합뉴스천병혁(shoeless@yna.co.kr)천병혁 기자구독천병혁 기자의 구독을 취소하시겠습니까?구독에서 해당 기자의 기사가 제외됩니다.예아니오닫기구독자-응원수-MLB 볼티모어, 7년 만에 가을야구…탬파베이는 5년 연속 PS 진출6연승 두산, 가을야구 보인다…4연패 KIA 위태로운 PSCopyright ⓒ 연합뉴스. All rights reserved. 무단 전재 및 재배포 금지.기사 섹션 분류 가이드기사 섹션 분류 안내스포츠 기사 섹션(종목) 정보는 언론사 분류와 기술 기반의 자동 분류 시스템을 따르고 있습니다. 오분류에 대한 건은 네이버스포츠로 제보 부탁드립니다.오분류 제보하기가이드 닫기[앱 다운] 빠르고 정확한 연합뉴스를 받아보세요뉴스제보는 연합뉴스 okjebo 톡!"
20230831,[신간] 우정·웃음·긍정적 태도…'노화의 정복',생활,0,"베를린이 역사를 기억하는 법·페미니즘들책 표지 이미지[까치 제공. 재판매 및 DB금지]    (서울=연합뉴스) 송광호 기자 = ▲ 노화의 정복 = 로즈 앤 케니 지음. 김성훈 옮김.    아일랜드 트리니티칼리지 노인학 교수인 저자가 35년간 진행한 노화 종단 연구 결과를 집약해서 설명한다.     연구에 따르면 38세 성인들 사이에서도 생물학적 노화 시계가 무려 20년의 차이를 보였다. 80대 여성은 그보다 젊은 70대 이웃 '노인'을 돌봐주기도 했다. 젊음과 늙음을 단순히 나이만의 잣대로 평가할 수 없는 이유다.    그렇다면 어떻게 해야 젊게 살 수 있을까.    저자는 세계적인 장수 마을인 블루존 지역을 찾아가서 건강하게 100세를 사는 사람들에게 공통으로 나타나는 생활방식과 행동을 파헤치고, 여러 임상 결과도 소개한다.    비결은 우정, 스트레스, 웃음, 목적의식, 수면, 음식, 신체활동, 긍정적인 태도 등에 있었다.     저자는 이런 요소들이 노화 관련 질병과 장애, 사망을 7년 이상 지연시키는 효과를 가져온다고 주장한다.    까치. 384쪽. 책 표지 이미지 [푸른역사 제공. 재판매 및 DB금지]    ▲ 베를린이 역사를 기억하는 법 = 장남주 글·사진.    20세기 전반에는 양차 세계대전을 일으킨 전범국의 수도였다. 냉전 시기에는 동독의 수도로 분단의 치열한 현장이었다. 등록된 기념물만 1만 2천개 이상을 지닌 독일 베를린 이야기다.     전범과 냉전의 도시에서 자유의 도시로 발돋움한 베를린은 현대인들에게 영감을 주는 도시다.    독일에 살며 저술작업을 이어가는 저자는 베를린의 공공장소를 걸으며 독일의 불편한 과거사와 다채로운 사건으로 뒤얽힌 현대사가 어떻게 기억되고 있는지 조명한다.    1권은 나치 과거사를, 2권은 냉전사를 다뤘다.    푸른역사. 1권 368쪽. 2권 364쪽. 책 표지 이미지 [오월의봄 제공. 재판매 및 DB금지]    ▲ 페미니즘들 = 루시 딜랩 지음. 송섬별 옮김.    영국 케임브리지대 역사학부 교수인 저자는 페미니즘의 다양한 역사를 지구사적 관점에서 조명한다. 저자는 서구 중심적인 기존 세계사 연구를 비판적으로 바라보며 그간 배제됐던 목소리에 주목해 새로운 이야기를 들려준다.    저자는 꿈, 생각, 공간, 사물, 모습, 감정, 행동, 노래 등 8가지 키워드를 토대로 지구상에 존재했던 다양한 페미니즘의 모습을 살펴본다.    오월의봄. 500쪽.    buff27@yna.co.kr송광호(buff27@yna.co.kr)기자 프로필송광호 기자구독구독중구독자 0응원수0뱃살 늘고 잔병 잦아지는 중년…""뭣이 중한지 알아가는 시기""일은 일일 뿐…""사랑해서 하는 노동은 사기""연합뉴스의 구독 많은 기자를 구독해보세요!닫기Copyright ⓒ 연합뉴스. All rights reserved. 무단 전재 및 재배포 금지. 이 기사는 언론사에서 생활, 사회, 세계 섹션으로 분류했습니다.기사 섹션 분류 안내기사의 섹션 정보는 해당 언론사의 분류를 따르고 있습니다. 언론사는 개별 기사를 2개 이상 섹션으로 중복 분류할 수 있습니다.닫기구독메인에서 바로 보는 언론사 편집 뉴스 지금 바로 구독해보세요!구독중메인에서 바로 보는 언론사 편집 뉴스 지금 바로 확인해보세요![앱 다운] 빠르고 정확한 연합뉴스를 받아보세요뉴스제보는 연합뉴스 okjebo 톡!			주요뉴스해당 언론사에서 선정하며 언론사 페이지(아웃링크)로 이동해 볼 수 있습니다. 평택 환전소 외국인 강도 1명 이미 해외 도주…범행 4시간여만 고교생이 쏘아 올린 헬륨 풍선, 성층권서 거제·대마도 촬영 ""내 생사 두고 떠드는데…"" 프리고진 사망 며칠 전 영상 공개 국내 첫 레즈비언 부부 '딸' 태어났다…""다양한 가족 인정되길"" 추락사 경찰관 일행 8명 추가 확인…15명 모두 출금이 기사를 추천합니다기사 추천은 24시간 내 50회까지 참여할 수 있습니다.닫기쏠쏠정보0흥미진진0공감백배0분석탁월0후속강추0  모두에게 보여주고 싶은 기사라면?beta이 기사를 추천합니다 버튼을 눌러주세요.  집계 기간 동안 추천을 많이 받은 기사는 네이버 자동 기사배열 영역에 추천 요소로 활용됩니다.레이어 닫기 연재신간구독 명구독구독중구독해주셔서 감사합니다구독한 연재는 설정 페이지에서확인할 수 있습니다닫기더보기기계 속의 악마·참나무라는 우주우정·웃음·긍정적 태도…'노화의 정복'패권의 조건…'헨리 키신저의 외교'연합뉴스 언론사홈 바로가기 언론사 구독 후 기사보기구독 없이 계속 보기기자 구독 후 기사보기구독 없이 계속 보기"
20230831,"해군 검사, 해병대 1사단장 책임 인식 정황…""판례 있다""(종합)",사회,52,"군검사 ""수사기록 사본 떠놔라, 무섭다"" 조언…외압 예상한듯군인권센터, '채상병 사건' 해군 검사-해병대 수사관 녹취 공개발언하는 임태훈 군인권센터 소장(서울=연합뉴스) 류효림 기자 = 임태훈 군인권센터 소장이 28일 서울 마포구 군인권센터에서 열린 해병대 채 상병 사망 사건 대통령실 수사 외압 의혹 기자회견에서 발언하고 있다. 2023.8.28 ryousanta@yna.co.kr    (서울=연합뉴스) 박수윤 안정훈 기자 = 해군 검사가 채 모 상병 순직에 대한 해병 1사단장의 책임을 인지하고 해병대 수사단과 수사 상황을 논의한 정황이 공개됐다.    해군 검사는 또 국방부가 해병대 수사단의 초동조사를 회수해 무효로 만들 가능성이 있다고 우려하며 ""사본을 챙겨두라, 무섭다""고 조언하기도 한 것으로 나타났다.       군인권센터는 31일 오후 서울 마포구 사무실에서 기자회견을 열어 해병대 수사단 관계자와 해군검찰단 소속 A 군검사의 통화 녹음이라는 음성파일 2개를 공개했다.    통화는 국방부 검찰단이 경북경찰청에서 해병대 수사단의 사건기록을 회수한 이달 2일과 이튿날인 3일 각각 이뤄졌다고 센터는 밝혔다.    센터가 해군 검사라고 주장한 인물은 통화에서 채 상병 사건과 유사한 판례 6건을 보내주겠다면서 ""산업 현장에서 대표이사의 책임을 인정한 사례들""이라고 소개했다.    그는 ""저희가 유심히 본 판결은 현장에 방문해 위험을 인지했음에도 별다른 조치를 취하지 않았던 점이 드러난 판결""이라며 ""그 외에도 안전장비를 지급하지 않았을 때 과실로 잡힌, 업무상 과실치사가 인정된 판결이 있다""고 말했다.    이는 채 상병 소속 부대의 지휘관인 임성근 사단장이 경북 예천 집중호우 실종자 수색 현장을 방문했고, 장병들에게 구명조끼를 제공하지 않은 것이 과거 유사한 다른 사건에서는 어떤 사법적 판단을 얻게 됐는지 설명한 것으로 보인다.    그는 또 ""국방부 부대관리 훈령 187조에 '국방부 직할 부대장, 기관장 및 각급 지휘관은 부대의 모든 활동을 지휘·감독하며 각종 사고를 예방할 책임이 있다'는 조항이 있다""며 ""제가 훈령을 보내드리겠다""고 말한다.    이어 ""(지휘관이) 이 사건 현장을 방문해 위험을 충분히 인지했음에도 불구하고 안전 장비를 지급하지 않아 (채 상병 사망) 사건을 발생시켰고, 심지어 안전 장비를 지급하지 않은 것을 넘어, 입수 지휘에 대한 무언의 압력을 계속해서 넣었다. 위험성을 예견했어야 했다""고 언급한다.[그래픽] 국방부 '해병대 채상병 순직 사건' 재검토 결과(서울=연합뉴스) 반종빈 기자 = 국방부는 해병대 채상병 순직 사건과 관련해 임성근 해병대 1사단장에 대해 혐의를 적지 않고 사실관계만 적시해서 경찰에 넘기기로 했다.    국방부 조사본부는 21일 해병대 수사단이 초동조사에서 과실치사 혐의가 있다고 판단한 8명에 대해 재검토한 결과, 대대장 2명만 범죄 혐의를 적시해 경찰에 인지통보서를 이첩하기로 했다고 발표했다.    bjbin@yna.co.kr    페이스북 tuney.kr/LeYN1 트위터 @yonhap_graphics    해군 검사로 보이는 인물은 수사에 외압이 가해질 것을 우려하기도 했다.    그는 녹음파일에서 ""제 개인적인 생각이지만 국방부 검찰단이 (수사기록을) 가져가게 된다면 처음부터 지금까지 조사했던 수사자료를 다 날리고 처음부터 다시 수사할 계획이 있는 건 아닌지 우려가 된다""고 지적한다.    그러면서 ""최악의 경우를 상상해서 말씀을 드린다. 사본을 떠 놓고 잘 보관해 세상에 없어지지 않게 해달라""며 ""너무 무서운 일이다""라는 대화가 등장한다.    실제로 국방부는 지난 9일 국방부 직할 최고위 수사기관인 조사본부로 사건을 가져와 전면 재검토했다.    해병대 수사단 초동조사에는 임성근 사단장 등 8명에 대해 업무상 과실치사 혐의가 명시돼 있었지만, 국방부 조사본부는 임 사단장 등을 빼고 실무자급인 대대장 2명에 대해서만 범죄 혐의를 적시해 지난 24일 경찰에 이첩했다.    센터는 ""제보자의 신변보호를 위해 정확한 출처를 밝힐 수 없지만 신뢰할 수 있는 정보원을 통해 녹음파일을 입수했다""고 밝혔다.    전하규 국방부 대변인은 이날 정례 브리핑에서 '해병대 수사단이 해군 검사에게 법무 검토를 해달라고 하면 해군 법무관은 검토해야 하는것 아니냐'는 질문에 ""제가 그 부분을 정확히 잘 모른다. 제가 답변드리기 어려운 것 같다""고 답했다.    clap@yna.co.kr박수윤(clap@yna.co.kr)안정훈(hug@yna.co.kr)기자 프로필박수윤 기자구독구독중구독자 0응원수0독립운동가 윤기섭·지청천·이상룡 '육사 명예졸업증' 반납한다독립운동가 윤기섭·지청천·이상룡 '육사 명예졸업증' 반납한다(종합)안정훈 기자구독구독중구독자 0응원수0[날씨] 가을비 추적이다 오후부터 잦아들어고교 기숙사서 킥보드 충전하다 불…68명 대피연합뉴스의 구독 많은 기자를 구독해보세요!닫기Copyright ⓒ 연합뉴스. All rights reserved. 무단 전재 및 재배포 금지. 이 기사는 언론사에서 사회, 정치 섹션으로 분류했습니다.기사 섹션 분류 안내기사의 섹션 정보는 해당 언론사의 분류를 따르고 있습니다. 언론사는 개별 기사를 2개 이상 섹션으로 중복 분류할 수 있습니다.닫기구독메인에서 바로 보는 언론사 편집 뉴스 지금 바로 구독해보세요!구독중메인에서 바로 보는 언론사 편집 뉴스 지금 바로 확인해보세요!			주요뉴스해당 언론사에서 선정하며 언론사 페이지(아웃링크)로 이동해 볼 수 있습니다. ""아이라인 시술이 이게 뭐야""…병원서 행패부린 아나운서 벌금 가스라이팅한 여성 수년간 성매매시키고 돈 뜯은 부부 중형 선고 [삶] 함운경 ""난 남파간첩 만나 커피 마시고도 신고 안했다"" '정략결혼 거부' 18세 딸 살해한 파키스탄 아버지, 伊 송환 [르포] 유리벽 안에 갇힌 사자…부천 실내동물원 논란이 기사를 추천합니다기사 추천은 24시간 내 50회까지 참여할 수 있습니다.닫기쏠쏠정보0흥미진진0공감백배0분석탁월0후속강추0  모두에게 보여주고 싶은 기사라면?beta이 기사를 추천합니다 버튼을 눌러주세요.  집계 기간 동안 추천을 많이 받은 기사는 네이버 자동 기사배열 영역에 추천 요소로 활용됩니다.레이어 닫기 연합뉴스 언론사홈 바로가기 언론사 구독 후 기사보기구독 없이 계속 보기기자 구독 후 기사보기구독 없이 계속 보기"
20230831,"Samsung lays out vision for smarter, sustainable living at IFA",세계,0,"Samsung press conference-IFA 2023Samsung lays out vision for smarter, sustainable living at IFA    BERLIN, Aug. 31 (Yonhap) -- Samsung Electronics Co. on Thursday shared its vision and technological developments for what it sees as the future way of living: fully connected homes and an eco-friendly lifestyle.   The South Korean tech giant highlighted its latest products and innovations, built for sustainable and smart living, at a press conference, one day ahead of the official opening of the IFA tech trade show in Berlin.   Samsung, which has participated in the tech show since 1991, did not offer any exclusive product launches or make a big announcement at the 99th edition of the IFA consumer electrics fair.    It, however, showcased its latest home appliances and tech products as one of the most prominent exhibitors at City Cube Berlin, the 6,026-square-meter standalone exhibition center inside the Messe Berlin Exhibition Grounds.Benjamin Braun, Samsung's chief marketing officer for Europe, delivers a keynote speech during a press conference at City Cube Berlin on Aug. 31, 2023, in this photo provided by the company. (PHOTO NOT FOR SALE) (Yonhap)Attended by hundreds of journalists, industry officials and partners, Samsung's press conference was opened by the keynote speech by Benjamin Braun, Samsung's chief marketing officer for Europe, under the banner of ""Connection that Matters.""   ""We have for you over 200 absolutely amazing products on show behind here today because innovation must never stop,"" Braun said.    ""We've learned 70 percent of the people we spoke to were excited about the innovations in smart home living and how they can make their lives more enjoyable,"" he said.   While people might be skeptical about new things that did not exist before, Braun said Samsung is ""proud to be leaders and we will continue to innovate however strange it might seem"" in the beginning.The signage of the City Cube Berlin venue for Samsung Electronics Co.'s IFA exhibition says ""Do the SmartThings"" on Aug. 31, 2023, in this photo provided by the company. (PHOTO NOT FOR SALE) (Yonhap)Samsung has been working to expand users of its SmartThings home control and automation platform.    At global tech fairs, including the annual CES that takes place in Las Vegas in early January, Samsung's catchphrase has been ""Do the SmartThings"" for years, and not surprisingly, the slogan again decorated the inside and outside of the City Cube Berlin.    Samsung estimated more than 280 million people were using the SmartThings ecosystem worldwide, and stressed how helpful the system is for users in living a smarter life and leaving smaller environmental footprints.   ""By next year, all new Samsung products will be wifi-enabled to help you to unlock the full potential of a truly connected home,"" Braun said.   Last year, the South Korean tech giant said it would achieve net-zero emissions by 2050 by using more renewable energy, investing in technologies to make energy-efficient products and increasing water reuse.    At the press conference, Samsung said it has reduced carbon emissions in its product use phase by over 900,000 tons and 31 percent of its operations have been running on renewable energy since 2021, among other things.   Samsung said SmartThings Energy's power-saving feature AI Energy mode will be more widely available around the world, so that consumers take more active actions on their energy use and reduce utility bills.    The mode's enhanced AI system on home appliances, like washing machines, fridges and TVs, helps users save up to 70 percent of energy on select cycles, according to the company.   Taking its smarter home campaign to the next level, Samsung said it will continue working toward supporting the smart home standard Matter to unify the fragmented consumer appliances market and enhance their interoperability regardless of manufacturer.   jaeyeon.woo@yna.co.kr(END)우재연(jaeyeon.woo@yna.co.kr)기자 프로필우재연 기자구독구독중구독자 0응원수0영문뉴스팀 우재연 기자입니다. 방송, 드라마, 미술 등을 몇 년 커버하다 현재는 사회팀 기사를 쓰고 있습니다. 분야를 떠나 마음을 움직일 수 있는 이야기를 전달하는 것이 목표입니다SK hynix did not supply chips to Huawei: vice chairman(LEAD) LG Electronics hosts conference to boost smart TV biz연합뉴스의 구독 많은 기자를 구독해보세요!닫기Copyright ⓒ 연합뉴스. All rights reserved. 무단 전재 및 재배포 금지. 이 기사는 언론사에서 세계 섹션으로 분류했습니다.기사 섹션 분류 안내기사의 섹션 정보는 해당 언론사의 분류를 따르고 있습니다. 언론사는 개별 기사를 2개 이상 섹션으로 중복 분류할 수 있습니다.닫기구독메인에서 바로 보는 언론사 편집 뉴스 지금 바로 구독해보세요!구독중메인에서 바로 보는 언론사 편집 뉴스 지금 바로 확인해보세요!이 기사를 추천합니다기사 추천은 24시간 내 50회까지 참여할 수 있습니다.닫기쏠쏠정보0흥미진진0공감백배0분석탁월0후속강추0  모두에게 보여주고 싶은 기사라면?beta이 기사를 추천합니다 버튼을 눌러주세요.  집계 기간 동안 추천을 많이 받은 기사는 네이버 자동 기사배열 영역에 추천 요소로 활용됩니다.레이어 닫기 연합뉴스 언론사홈 바로가기 언론사 구독 후 기사보기구독 없이 계속 보기기자 구독 후 기사보기구독 없이 계속 보기"
20230831,광주 하늘에 뜬 '슈퍼 블루문',IT,0,"(광주=연합뉴스) 조남수 기자 = 31일 오후 광주 서구 쌍촌동 동쪽 하늘에 '슈퍼 블루문'이 떠 있다. 슈퍼문은 지구와 달 사이의 거리가 가장 가까울 때 보이는 보름달을 뜻하고 블루문은 한 달에 두 번째 뜨는 보름달을 말한다. 슈퍼문과 블루문이 동시에 뜨는 경우는 드문 현상으로 다음 슈퍼블루문 관측 기회는 14년 후인 2037년 1월 31일이다. 2023.8.31     iso64@yna.co.kr조남수(iso64@yna.co.kr)Copyright ⓒ 연합뉴스. All rights reserved. 무단 전재 및 재배포 금지. 이 기사는 언론사에서 IT, 사회 섹션으로 분류했습니다.기사 섹션 분류 안내기사의 섹션 정보는 해당 언론사의 분류를 따르고 있습니다. 언론사는 개별 기사를 2개 이상 섹션으로 중복 분류할 수 있습니다.닫기구독메인에서 바로 보는 언론사 편집 뉴스 지금 바로 구독해보세요!구독중메인에서 바로 보는 언론사 편집 뉴스 지금 바로 확인해보세요![앱 다운] 빠르고 정확한 연합뉴스를 받아보세요뉴스제보는 연합뉴스 okjebo 톡!			주요뉴스해당 언론사에서 선정하며 언론사 페이지(아웃링크)로 이동해 볼 수 있습니다. 평택 환전소 외국인 강도 1명 이미 해외 도주…범행 4시간여만 고교생이 쏘아 올린 헬륨 풍선, 성층권서 거제·대마도 촬영 국내 첫 레즈비언 부부 '딸' 태어났다…""다양한 가족 인정되길"" 필리핀 복싱 영웅 파키아오, 2024 파리 올림픽 출전 추진 추락사 경찰관 일행 8명 추가 확인…15명 모두 출금이 기사를 추천합니다기사 추천은 24시간 내 50회까지 참여할 수 있습니다.닫기쏠쏠정보0흥미진진0공감백배0분석탁월0후속강추0  모두에게 보여주고 싶은 기사라면?beta이 기사를 추천합니다 버튼을 눌러주세요.  집계 기간 동안 추천을 많이 받은 기사는 네이버 자동 기사배열 영역에 추천 요소로 활용됩니다.레이어 닫기 연합뉴스 언론사홈 바로가기 언론사 구독 후 기사보기구독 없이 계속 보기"
20230831,광주 하늘에 뜬 '슈퍼 블루문',IT,0,"(광주=연합뉴스) 조남수 기자 = 31일 오후 광주 서구 쌍촌동 동쪽 하늘에 '슈퍼 블루문'이 떠 있다. 슈퍼문은 지구와 달 사이의 거리가 가장 가까울 때 보이는 보름달을 뜻하고 블루문은 한 달에 두 번째 뜨는 보름달을 말한다. 슈퍼문과 블루문이 동시에 뜨는 경우는 드문 현상으로 다음 슈퍼블루문 관측 기회는 14년 후인 2037년 1월 31일이다. 2023.8.31     iso64@yna.co.kr조남수(iso64@yna.co.kr)Copyright ⓒ 연합뉴스. All rights reserved. 무단 전재 및 재배포 금지. 이 기사는 언론사에서 IT, 사회 섹션으로 분류했습니다.기사 섹션 분류 안내기사의 섹션 정보는 해당 언론사의 분류를 따르고 있습니다. 언론사는 개별 기사를 2개 이상 섹션으로 중복 분류할 수 있습니다.닫기구독메인에서 바로 보는 언론사 편집 뉴스 지금 바로 구독해보세요!구독중메인에서 바로 보는 언론사 편집 뉴스 지금 바로 확인해보세요![앱 다운] 빠르고 정확한 연합뉴스를 받아보세요뉴스제보는 연합뉴스 okjebo 톡!			주요뉴스해당 언론사에서 선정하며 언론사 페이지(아웃링크)로 이동해 볼 수 있습니다. 평택 환전소 외국인 강도 1명 이미 해외 도주…범행 4시간여만 고교생이 쏘아 올린 헬륨 풍선, 성층권서 거제·대마도 촬영 국내 첫 레즈비언 부부 '딸' 태어났다…""다양한 가족 인정되길"" 필리핀 복싱 영웅 파키아오, 2024 파리 올림픽 출전 추진 추락사 경찰관 일행 8명 추가 확인…15명 모두 출금이 기사를 추천합니다기사 추천은 24시간 내 50회까지 참여할 수 있습니다.닫기쏠쏠정보0흥미진진0공감백배0분석탁월0후속강추0  모두에게 보여주고 싶은 기사라면?beta이 기사를 추천합니다 버튼을 눌러주세요.  집계 기간 동안 추천을 많이 받은 기사는 네이버 자동 기사배열 영역에 추천 요소로 활용됩니다.레이어 닫기 연합뉴스 언론사홈 바로가기 언론사 구독 후 기사보기구독 없이 계속 보기"
20230831,광주 하늘에 뜬 '슈퍼 블루문',IT,0,"(광주=연합뉴스) 조남수 기자 = 31일 오후 광주 서구 쌍촌동 동쪽 하늘에 '슈퍼 블루문'이 떠 있다. 슈퍼문은 지구와 달 사이의 거리가 가장 가까울 때 보이는 보름달을 뜻하고 블루문은 한 달에 두 번째 뜨는 보름달을 말한다. 슈퍼문과 블루문이 동시에 뜨는 경우는 드문 현상으로 다음 슈퍼블루문 관측 기회는 14년 후인 2037년 1월 31일이다. 2023.8.31     iso64@yna.co.kr조남수(iso64@yna.co.kr)Copyright ⓒ 연합뉴스. All rights reserved. 무단 전재 및 재배포 금지. 이 기사는 언론사에서 IT, 사회 섹션으로 분류했습니다.기사 섹션 분류 안내기사의 섹션 정보는 해당 언론사의 분류를 따르고 있습니다. 언론사는 개별 기사를 2개 이상 섹션으로 중복 분류할 수 있습니다.닫기구독메인에서 바로 보는 언론사 편집 뉴스 지금 바로 구독해보세요!구독중메인에서 바로 보는 언론사 편집 뉴스 지금 바로 확인해보세요![앱 다운] 빠르고 정확한 연합뉴스를 받아보세요뉴스제보는 연합뉴스 okjebo 톡!			주요뉴스해당 언론사에서 선정하며 언론사 페이지(아웃링크)로 이동해 볼 수 있습니다. 평택 환전소 외국인 강도 1명 이미 해외 도주…범행 4시간여만 고교생이 쏘아 올린 헬륨 풍선, 성층권서 거제·대마도 촬영 국내 첫 레즈비언 부부 '딸' 태어났다…""다양한 가족 인정되길"" 필리핀 복싱 영웅 파키아오, 2024 파리 올림픽 출전 추진 추락사 경찰관 일행 8명 추가 확인…15명 모두 출금이 기사를 추천합니다기사 추천은 24시간 내 50회까지 참여할 수 있습니다.닫기쏠쏠정보0흥미진진0공감백배0분석탁월0후속강추0  모두에게 보여주고 싶은 기사라면?beta이 기사를 추천합니다 버튼을 눌러주세요.  집계 기간 동안 추천을 많이 받은 기사는 네이버 자동 기사배열 영역에 추천 요소로 활용됩니다.레이어 닫기 연합뉴스 언론사홈 바로가기 언론사 구독 후 기사보기구독 없이 계속 보기"
20230831,동쪽 하늘에 뜬 '슈퍼 블루문',IT,0,"(광주=연합뉴스) 조남수 기자 = 31일 오후 광주 서구 쌍촌동 동쪽 하늘에 '슈퍼 블루문'이 떠 있다. 슈퍼문은 지구와 달 사이의 거리가 가장 가까울 때 보이는 보름달을 뜻하고 블루문은 한 달에 두 번째 뜨는 보름달을 말한다. 슈퍼문과 블루문이 동시에 뜨는 경우는 드문 현상으로 다음 슈퍼블루문 관측 기회는 14년 후인 2037년 1월 31일이다. 2023.8.31     iso64@yna.co.kr조남수(iso64@yna.co.kr)Copyright ⓒ 연합뉴스. All rights reserved. 무단 전재 및 재배포 금지. 이 기사는 언론사에서 IT, 사회 섹션으로 분류했습니다.기사 섹션 분류 안내기사의 섹션 정보는 해당 언론사의 분류를 따르고 있습니다. 언론사는 개별 기사를 2개 이상 섹션으로 중복 분류할 수 있습니다.닫기구독메인에서 바로 보는 언론사 편집 뉴스 지금 바로 구독해보세요!구독중메인에서 바로 보는 언론사 편집 뉴스 지금 바로 확인해보세요![앱 다운] 빠르고 정확한 연합뉴스를 받아보세요뉴스제보는 연합뉴스 okjebo 톡!			주요뉴스해당 언론사에서 선정하며 언론사 페이지(아웃링크)로 이동해 볼 수 있습니다. 평택 환전소 외국인 강도 1명 이미 해외 도주…범행 4시간여만 고교생이 쏘아 올린 헬륨 풍선, 성층권서 거제·대마도 촬영 국내 첫 레즈비언 부부 '딸' 태어났다…""다양한 가족 인정되길"" 필리핀 복싱 영웅 파키아오, 2024 파리 올림픽 출전 추진 추락사 경찰관 일행 8명 추가 확인…15명 모두 출금이 기사를 추천합니다기사 추천은 24시간 내 50회까지 참여할 수 있습니다.닫기쏠쏠정보0흥미진진0공감백배0분석탁월0후속강추0  모두에게 보여주고 싶은 기사라면?beta이 기사를 추천합니다 버튼을 눌러주세요.  집계 기간 동안 추천을 많이 받은 기사는 네이버 자동 기사배열 영역에 추천 요소로 활용됩니다.레이어 닫기 연합뉴스 언론사홈 바로가기 언론사 구독 후 기사보기구독 없이 계속 보기"
20230831,동쪽 하늘에 뜬 '슈퍼 블루문',IT,0,"(광주=연합뉴스) 조남수 기자 = 31일 오후 광주 서구 쌍촌동 동쪽 하늘에 '슈퍼 블루문'이 떠 있다. 슈퍼문은 지구와 달 사이의 거리가 가장 가까울 때 보이는 보름달을 뜻하고 블루문은 한 달에 두 번째 뜨는 보름달을 말한다. 슈퍼문과 블루문이 동시에 뜨는 경우는 드문 현상으로 다음 슈퍼블루문 관측 기회는 14년 후인 2037년 1월 31일이다. 2023.8.31     iso64@yna.co.kr조남수(iso64@yna.co.kr)Copyright ⓒ 연합뉴스. All rights reserved. 무단 전재 및 재배포 금지. 이 기사는 언론사에서 IT, 사회 섹션으로 분류했습니다.기사 섹션 분류 안내기사의 섹션 정보는 해당 언론사의 분류를 따르고 있습니다. 언론사는 개별 기사를 2개 이상 섹션으로 중복 분류할 수 있습니다.닫기구독메인에서 바로 보는 언론사 편집 뉴스 지금 바로 구독해보세요!구독중메인에서 바로 보는 언론사 편집 뉴스 지금 바로 확인해보세요![앱 다운] 빠르고 정확한 연합뉴스를 받아보세요뉴스제보는 연합뉴스 okjebo 톡!			주요뉴스해당 언론사에서 선정하며 언론사 페이지(아웃링크)로 이동해 볼 수 있습니다. 평택 환전소 외국인 강도 1명 이미 해외 도주…범행 4시간여만 고교생이 쏘아 올린 헬륨 풍선, 성층권서 거제·대마도 촬영 국내 첫 레즈비언 부부 '딸' 태어났다…""다양한 가족 인정되길"" 필리핀 복싱 영웅 파키아오, 2024 파리 올림픽 출전 추진 추락사 경찰관 일행 8명 추가 확인…15명 모두 출금이 기사를 추천합니다기사 추천은 24시간 내 50회까지 참여할 수 있습니다.닫기쏠쏠정보0흥미진진0공감백배0분석탁월0후속강추0  모두에게 보여주고 싶은 기사라면?beta이 기사를 추천합니다 버튼을 눌러주세요.  집계 기간 동안 추천을 많이 받은 기사는 네이버 자동 기사배열 영역에 추천 요소로 활용됩니다.레이어 닫기 연합뉴스 언론사홈 바로가기 언론사 구독 후 기사보기구독 없이 계속 보기"
20230831,광주에 뜬 '슈퍼 블루문',IT,2,"(광주=연합뉴스) 조남수 기자 = 31일 오후 광주 서구 쌍촌동에서 한 가족이 동쪽 하늘에 뜬 '슈퍼 블루문'을 사진 찍고 있다. 슈퍼문은 지구와 달 사이의 거리가 가장 가까울 때 보이는 보름달을 뜻하고 블루문은 한 달에 두 번째 뜨는 보름달을 말한다. 슈퍼문과 블루문이 동시에 뜨는 경우는 드문 현상으로 다음 슈퍼블루문 관측 기회는 14년 후인 2037년 1월 31일이다. 2023.8.31     iso64@yna.co.kr조남수(iso64@yna.co.kr)Copyright ⓒ 연합뉴스. All rights reserved. 무단 전재 및 재배포 금지. 이 기사는 언론사에서 IT, 사회 섹션으로 분류했습니다.기사 섹션 분류 안내기사의 섹션 정보는 해당 언론사의 분류를 따르고 있습니다. 언론사는 개별 기사를 2개 이상 섹션으로 중복 분류할 수 있습니다.닫기구독메인에서 바로 보는 언론사 편집 뉴스 지금 바로 구독해보세요!구독중메인에서 바로 보는 언론사 편집 뉴스 지금 바로 확인해보세요![앱 다운] 빠르고 정확한 연합뉴스를 받아보세요뉴스제보는 연합뉴스 okjebo 톡!			주요뉴스해당 언론사에서 선정하며 언론사 페이지(아웃링크)로 이동해 볼 수 있습니다. 평택 환전소 외국인 강도 1명 이미 해외 도주…범행 4시간여만 고교생이 쏘아 올린 헬륨 풍선, 성층권서 거제·대마도 촬영 국내 첫 레즈비언 부부 '딸' 태어났다…""다양한 가족 인정되길"" 필리핀 복싱 영웅 파키아오, 2024 파리 올림픽 출전 추진 추락사 경찰관 일행 8명 추가 확인…15명 모두 출금이 기사를 추천합니다기사 추천은 24시간 내 50회까지 참여할 수 있습니다.닫기쏠쏠정보0흥미진진0공감백배0분석탁월0후속강추0  모두에게 보여주고 싶은 기사라면?beta이 기사를 추천합니다 버튼을 눌러주세요.  집계 기간 동안 추천을 많이 받은 기사는 네이버 자동 기사배열 영역에 추천 요소로 활용됩니다.레이어 닫기 연합뉴스 언론사홈 바로가기 언론사 구독 후 기사보기구독 없이 계속 보기"
20230831,동쪽 하늘에 뜬 '슈퍼 블루문',IT,0,"(광주=연합뉴스) 조남수 기자 = 31일 오후 광주 서구 쌍촌동 동쪽 하늘에 '슈퍼 블루문'이 떠 있다. 슈퍼문은 지구와 달 사이의 거리가 가장 가까울 때 보이는 보름달을 뜻하고 블루문은 한 달에 두 번째 뜨는 보름달을 말한다. 슈퍼문과 블루문이 동시에 뜨는 경우는 드문 현상으로 다음 슈퍼블루문 관측 기회는 14년 후인 2037년 1월 31일이다. 2023.8.31     iso64@yna.co.kr조남수(iso64@yna.co.kr)Copyright ⓒ 연합뉴스. All rights reserved. 무단 전재 및 재배포 금지. 이 기사는 언론사에서 IT, 사회 섹션으로 분류했습니다.기사 섹션 분류 안내기사의 섹션 정보는 해당 언론사의 분류를 따르고 있습니다. 언론사는 개별 기사를 2개 이상 섹션으로 중복 분류할 수 있습니다.닫기구독메인에서 바로 보는 언론사 편집 뉴스 지금 바로 구독해보세요!구독중메인에서 바로 보는 언론사 편집 뉴스 지금 바로 확인해보세요![앱 다운] 빠르고 정확한 연합뉴스를 받아보세요뉴스제보는 연합뉴스 okjebo 톡!			주요뉴스해당 언론사에서 선정하며 언론사 페이지(아웃링크)로 이동해 볼 수 있습니다. 평택 환전소 외국인 강도 1명 이미 해외 도주…범행 4시간여만 고교생이 쏘아 올린 헬륨 풍선, 성층권서 거제·대마도 촬영 국내 첫 레즈비언 부부 '딸' 태어났다…""다양한 가족 인정되길"" 필리핀 복싱 영웅 파키아오, 2024 파리 올림픽 출전 추진 추락사 경찰관 일행 8명 추가 확인…15명 모두 출금이 기사를 추천합니다기사 추천은 24시간 내 50회까지 참여할 수 있습니다.닫기쏠쏠정보0흥미진진0공감백배0분석탁월0후속강추0  모두에게 보여주고 싶은 기사라면?beta이 기사를 추천합니다 버튼을 눌러주세요.  집계 기간 동안 추천을 많이 받은 기사는 네이버 자동 기사배열 영역에 추천 요소로 활용됩니다.레이어 닫기 연합뉴스 언론사홈 바로가기 언론사 구독 후 기사보기구독 없이 계속 보기"
20230831,"EU 외교수장 ""가봉 쿠데타, 니제르와 달라…무력사용은 안돼""(종합)",세계,2,"""현재까진 EU 교민 대피 계획 없어…유럽 외교관들 위기 중재 노력 중""호세프 보렐 EU 외교안보 고위대표[EPA 연합뉴스 자료사진]    (파리·브뤼셀=연합뉴스) 송진원 정빛나 특파원 = 호세프 보렐 유럽연합(EU) 외교안보 고위대표는 31일(현지시간) 아프리카 가봉에서 일어난 군부 쿠데타는 부정 선거 때문이라며 ""니제르의 위기와 비교할 수 없다""고 말했다.    보렐 고위대표는 이날 스페인 톨레도에서 열리는 EU 외무장관 회담에 앞서 기자들에게 이같이 말했다고 AFP 통신이 보도했다.    보렐 고위대표는 ""물론 군사 쿠데타가 해결책은 아니지만, 가봉에 부정으로 가득 찬 선거가 있었다는 사실을 잊지 말아야 한다""면서 투표 조작은 민간인에 의한 '제도적 쿠데타'에 해당할 수 있다고 주장했다.    보렐 고위대표는 이날 미국 CNN과 인터뷰에서도 ""니제르와 가봉의 상황은 전혀 같지 않다. 니제르의 대통령은 민주적으로 선출된 대통령이었다""며 ""가봉에서는 군사 쿠데타가 일어나기 몇 시간 전 제도적 쿠데타가 일어났다. 선거가 도난당했기 때문""이라고 말했다.     지난 26일 치러진 가봉 대통령 선거에선 42년 장기 집권한 아버지 오마르 봉고에 이어 14년간 통치한 알리 봉고 온딤바(64) 대통령이 3연임에 성공했다.    이에 가봉 군부는 전날 ""최근 선거 결과는 신뢰할 수 없어 결과를 무효로 한다""면서 쿠데타를 일으켜 권력을 장악했다.    보렐 고위대표는 가봉 내 EU 교민 대피 계획은 ""현재까지 없다""고 말했다.    보렐 고위대표는 다만 이날 오후 별도로 낸 성명에서 어떠한 경우에도 '무력에 의한 권력 장악'에는 반대한다는 입장을 분명히 했다.     이어 ""가봉 사태는 반드시 법과 헌법 질서, 민주주의 원칙을 존중하는 가운데 해결돼야 한다""며 이같이 밝혔다.    그는 또 ""EU는 쿠데타를 촉발한 선거 과정이 조직되고 진행된 방식에 대해 심각한 우려를 공유하고 있으나, 무력이 아닌 포괄적이고 실질적인 대화가 가봉 국민이 표현한 의지가 존중되도록 보장하는 방법""이라고 강조했다. 국기 들고 환호하는 가봉 쿠데타 지지자들(아칸다[가봉] EPA=연합뉴스) 중부 아프리카 가봉의 군부가 권력을 장악했다고 선언한 가운데 30일(현지시간) 수도 리브르빌 인근 아칸다에서 군부 지지자들이 기뻐하고 있다. 이날 군 지도부는 알리 봉고 온딤바(64) 대통령을 체포해 가택 연금했다고 밝혔다. 2023.08.30 clynnkim@yna.co.kr    san@yna.co.kr정빛나(shine@yna.co.kr)송진원(san@yna.co.kr)기자 프로필정빛나 기자구독구독중구독자 0응원수0EU 5개국 우크라 곡물 '직접수입 금지' 16일부터 해제(종합)EU 5개국 우크라 곡물 '직접 수입 금지' 16일부터 해제 결정송진원 기자구독구독중구독자 0응원수0연합뉴스 송진원입니다.스페인서 이번엔 행인이 생방송 하던 여기자 엉덩이 '툭'[속보] 크렘린궁 ""양국, 北 비행사 우주 보낼 가능성 논의""연합뉴스의 구독 많은 기자를 구독해보세요!닫기Copyright ⓒ 연합뉴스. All rights reserved. 무단 전재 및 재배포 금지. 이 기사는 언론사에서 세계 섹션으로 분류했습니다.기사 섹션 분류 안내기사의 섹션 정보는 해당 언론사의 분류를 따르고 있습니다. 언론사는 개별 기사를 2개 이상 섹션으로 중복 분류할 수 있습니다.닫기구독메인에서 바로 보는 언론사 편집 뉴스 지금 바로 구독해보세요!구독중메인에서 바로 보는 언론사 편집 뉴스 지금 바로 확인해보세요![앱 다운] 빠르고 정확한 연합뉴스를 받아보세요뉴스제보는 연합뉴스 okjebo 톡!			주요뉴스해당 언론사에서 선정하며 언론사 페이지(아웃링크)로 이동해 볼 수 있습니다. 평택 환전소 외국인 강도 1명 이미 해외 도주…범행 4시간여만 고교생이 쏘아 올린 헬륨 풍선, 성층권서 거제·대마도 촬영 국내 첫 레즈비언 부부 '딸' 태어났다…""다양한 가족 인정되길"" 필리핀 복싱 영웅 파키아오, 2024 파리 올림픽 출전 추진 추락사 경찰관 일행 8명 추가 확인…15명 모두 출금이 기사를 추천합니다기사 추천은 24시간 내 50회까지 참여할 수 있습니다.닫기쏠쏠정보0흥미진진0공감백배0분석탁월0후속강추0  모두에게 보여주고 싶은 기사라면?beta이 기사를 추천합니다 버튼을 눌러주세요.  집계 기간 동안 추천을 많이 받은 기사는 네이버 자동 기사배열 영역에 추천 요소로 활용됩니다.레이어 닫기 연합뉴스 언론사홈 바로가기 언론사 구독 후 기사보기구독 없이 계속 보기기자 구독 후 기사보기구독 없이 계속 보기"
20230831,삼성 프레스 컨퍼런스서 기조연설하는 벤자민 브라운,경제,0,"(서울=연합뉴스) 삼성전자 유럽총괄 최고마케팅책임자(CMO) 벤자민 브라운이 독일 베를린 메세 베를린에서 열리는 유럽 최대 가전전시회 'IFA 2023'를 하루 앞둔 31일 개최된 삼성 프레스 컨퍼런스에서 기조 연설을 하고 있다. 2023.8.31 [삼성전자 제공. 재판매 및 DB금지]    photo@yna.co.kr이지은(jieunlee@yna.co.kr)기자 프로필이지은 기자구독구독중구독자 0응원수0사진기자서울 지하철 노선도 새 디자인안 공개김행 여가부 장관 후보자 출근연합뉴스의 구독 많은 기자를 구독해보세요!닫기Copyright ⓒ 연합뉴스. All rights reserved. 무단 전재 및 재배포 금지. 이 기사는 언론사에서 경제 섹션으로 분류했습니다.기사 섹션 분류 안내기사의 섹션 정보는 해당 언론사의 분류를 따르고 있습니다. 언론사는 개별 기사를 2개 이상 섹션으로 중복 분류할 수 있습니다.닫기구독메인에서 바로 보는 언론사 편집 뉴스 지금 바로 구독해보세요!구독중메인에서 바로 보는 언론사 편집 뉴스 지금 바로 확인해보세요![앱 다운] 빠르고 정확한 연합뉴스를 받아보세요뉴스제보는 연합뉴스 okjebo 톡!			주요뉴스해당 언론사에서 선정하며 언론사 페이지(아웃링크)로 이동해 볼 수 있습니다. 평택 환전소 외국인 강도 1명 이미 해외 도주…범행 4시간여만 고교생이 쏘아 올린 헬륨 풍선, 성층권서 거제·대마도 촬영 국내 첫 레즈비언 부부 '딸' 태어났다…""다양한 가족 인정되길"" 필리핀 복싱 영웅 파키아오, 2024 파리 올림픽 출전 추진 추락사 경찰관 일행 8명 추가 확인…15명 모두 출금이 기사를 추천합니다기사 추천은 24시간 내 50회까지 참여할 수 있습니다.닫기쏠쏠정보0흥미진진0공감백배0분석탁월0후속강추0  모두에게 보여주고 싶은 기사라면?beta이 기사를 추천합니다 버튼을 눌러주세요.  집계 기간 동안 추천을 많이 받은 기사는 네이버 자동 기사배열 영역에 추천 요소로 활용됩니다.레이어 닫기 연합뉴스 언론사홈 바로가기 언론사 구독 후 기사보기구독 없이 계속 보기기자 구독 후 기사보기구독 없이 계속 보기"
20230831,삼성 프레스 컨퍼런스서 기조연설하는 벤자민 브라운,경제,0,"(서울=연합뉴스) 삼성전자 유럽총괄 최고마케팅책임자(CMO) 벤자민 브라운이 독일 베를린 메세 베를린에서 열리는 유럽 최대 가전전시회 'IFA 2023'를 하루 앞둔 31일 개최된 삼성 프레스 컨퍼런스에서 기조 연설을 하고 있다. 2023.8.31 [삼성전자 제공. 재판매 및 DB금지]    photo@yna.co.kr이지은(jieunlee@yna.co.kr)기자 프로필이지은 기자구독구독중구독자 0응원수0사진기자서울 지하철 노선도 새 디자인안 공개김행 여가부 장관 후보자 출근연합뉴스의 구독 많은 기자를 구독해보세요!닫기Copyright ⓒ 연합뉴스. All rights reserved. 무단 전재 및 재배포 금지. 이 기사는 언론사에서 경제 섹션으로 분류했습니다.기사 섹션 분류 안내기사의 섹션 정보는 해당 언론사의 분류를 따르고 있습니다. 언론사는 개별 기사를 2개 이상 섹션으로 중복 분류할 수 있습니다.닫기구독메인에서 바로 보는 언론사 편집 뉴스 지금 바로 구독해보세요!구독중메인에서 바로 보는 언론사 편집 뉴스 지금 바로 확인해보세요![앱 다운] 빠르고 정확한 연합뉴스를 받아보세요뉴스제보는 연합뉴스 okjebo 톡!			주요뉴스해당 언론사에서 선정하며 언론사 페이지(아웃링크)로 이동해 볼 수 있습니다. 평택 환전소 외국인 강도 1명 이미 해외 도주…범행 4시간여만 고교생이 쏘아 올린 헬륨 풍선, 성층권서 거제·대마도 촬영 국내 첫 레즈비언 부부 '딸' 태어났다…""다양한 가족 인정되길"" 필리핀 복싱 영웅 파키아오, 2024 파리 올림픽 출전 추진 추락사 경찰관 일행 8명 추가 확인…15명 모두 출금이 기사를 추천합니다기사 추천은 24시간 내 50회까지 참여할 수 있습니다.닫기쏠쏠정보0흥미진진0공감백배0분석탁월0후속강추0  모두에게 보여주고 싶은 기사라면?beta이 기사를 추천합니다 버튼을 눌러주세요.  집계 기간 동안 추천을 많이 받은 기사는 네이버 자동 기사배열 영역에 추천 요소로 활용됩니다.레이어 닫기 연합뉴스 언론사홈 바로가기 언론사 구독 후 기사보기구독 없이 계속 보기기자 구독 후 기사보기구독 없이 계속 보기"
20230831,[프로야구 광주전적] KIA 13-3 NC,스포츠,0,"▲ 광주전적(31일)    N C 003 000 000 - 3    KIA 106 102 03X - 13    △ 승리투수 = 파노니(3승 1패)    △ 패전투수 = 페디(16승 6패)    △ 홈런 = 나성범 12호(4회1점·KIA)    (서울=연합뉴스)기사제공 연합뉴스천병혁(shoeless@yna.co.kr)천병혁 기자구독천병혁 기자의 구독을 취소하시겠습니까?구독에서 해당 기자의 기사가 제외됩니다.예아니오닫기구독자-응원수-MLB 볼티모어, 7년 만에 가을야구…탬파베이는 5년 연속 PS 진출6연승 두산, 가을야구 보인다…4연패 KIA 위태로운 PSCopyright ⓒ 연합뉴스. All rights reserved. 무단 전재 및 재배포 금지.기사 섹션 분류 가이드기사 섹션 분류 안내스포츠 기사 섹션(종목) 정보는 언론사 분류와 기술 기반의 자동 분류 시스템을 따르고 있습니다. 오분류에 대한 건은 네이버스포츠로 제보 부탁드립니다.오분류 제보하기가이드 닫기[앱 다운] 빠르고 정확한 연합뉴스를 받아보세요뉴스제보는 연합뉴스 okjebo 톡!"
20230831,삼성 프레스 컨퍼런스서 기조연설하는 벤자민 브라운,경제,0,"(서울=연합뉴스) 삼성전자 유럽총괄 최고마케팅책임자(CMO) 벤자민 브라운이 독일 베를린 메세 베를린에서 열리는 유럽 최대 가전전시회 'IFA 2023'를 하루 앞둔 31일 개최된 삼성 프레스 컨퍼런스에서 기조 연설을 하고 있다. 2023.8.31 [삼성전자 제공. 재판매 및 DB금지]    photo@yna.co.kr이지은(jieunlee@yna.co.kr)기자 프로필이지은 기자구독구독중구독자 0응원수0사진기자서울 지하철 노선도 새 디자인안 공개김행 여가부 장관 후보자 출근연합뉴스의 구독 많은 기자를 구독해보세요!닫기Copyright ⓒ 연합뉴스. All rights reserved. 무단 전재 및 재배포 금지. 이 기사는 언론사에서 경제 섹션으로 분류했습니다.기사 섹션 분류 안내기사의 섹션 정보는 해당 언론사의 분류를 따르고 있습니다. 언론사는 개별 기사를 2개 이상 섹션으로 중복 분류할 수 있습니다.닫기구독메인에서 바로 보는 언론사 편집 뉴스 지금 바로 구독해보세요!구독중메인에서 바로 보는 언론사 편집 뉴스 지금 바로 확인해보세요![앱 다운] 빠르고 정확한 연합뉴스를 받아보세요뉴스제보는 연합뉴스 okjebo 톡!			주요뉴스해당 언론사에서 선정하며 언론사 페이지(아웃링크)로 이동해 볼 수 있습니다. 평택 환전소 외국인 강도 1명 이미 해외 도주…범행 4시간여만 고교생이 쏘아 올린 헬륨 풍선, 성층권서 거제·대마도 촬영 국내 첫 레즈비언 부부 '딸' 태어났다…""다양한 가족 인정되길"" 필리핀 복싱 영웅 파키아오, 2024 파리 올림픽 출전 추진 추락사 경찰관 일행 8명 추가 확인…15명 모두 출금이 기사를 추천합니다기사 추천은 24시간 내 50회까지 참여할 수 있습니다.닫기쏠쏠정보0흥미진진0공감백배0분석탁월0후속강추0  모두에게 보여주고 싶은 기사라면?beta이 기사를 추천합니다 버튼을 눌러주세요.  집계 기간 동안 추천을 많이 받은 기사는 네이버 자동 기사배열 영역에 추천 요소로 활용됩니다.레이어 닫기 연합뉴스 언론사홈 바로가기 언론사 구독 후 기사보기구독 없이 계속 보기기자 구독 후 기사보기구독 없이 계속 보기"
20230831,kt 거침없는 승수쌓기…알포드·박병호 홈런 앞세워 삼성에 승리,스포츠,0,"kt wiz 알포드[kt wiz 제공. 재배포 및 DB 금지]    (수원=연합뉴스) 김경윤 기자 = kt wiz가 4일 만에 치른 경기에서도 식지 않은 상승세를 이어갔다.    kt는 31일 수원케이티위즈파크에서 열린 2023 신한은행 SOL KBO리그 삼성 라이온즈와 홈 경기에서 6-4로 이겼다.    2위 kt는 4연승을 달리며 1위 LG 트윈스를 압박했다.    kt는 계속된 빗줄기로 지난 27일 롯데 자이언츠전 이후 4일 만에 경기를 치렀다.    긴 휴식을 취한 kt는 흔들림 없이 삼성을 몰아붙였다.    kt는 대체 선발로 나선 삼성 홍정우를 1회부터 몰아세웠다.    삼성은 당초 외국인 투수 테일러 와이드너가 선발 등판할 예정이었으나 몸살감기 증세로 선발 투수를 교체했다.    kt는 1회말 선두 타자 배정대가 좌전 안타로 출루한 뒤 2루 도루에 성공했고, 황재균의 진루타와 앤서니 알포드의 좌전 적시타로 선취점을 뽑았다.    kt는 2회초 한 점을 내줘 동점을 허용했지만, 2회말 홍정우의 제구 난조를 틈타 추가점을 뽑았다.    오윤석, 신본기, 배정대의 볼넷으로 만든 2사 만루에서 황재균이 바뀐 투수 김대우를 상대로 2타점 좌전 적시타를 터뜨리면서 3-1로 앞서갔다.    쉽게 풀릴 것 같았던 경기는 3회말 내야수들의 크고 작은 실수로 동점이 됐다.    kt 선발 웨스 벤자민은 김현준과 김성윤에게 연속 내야 안타를 허용했고, 강민호의 내야 땅볼 때 3루 주자 김현준이 홈을 밟아 실점했다.    이어 호세 피렐라의 타구를 유격수 신본기가 포구 실책하면서 추가 실점해 3-3 동점이 됐다.    팽팽하던 경기는 5회말에 다시 기울어졌다.    황재균의 타구를 삼성 2루수 김지찬이 놓쳐 무사 1루가 됐고, 후속 알포드가 좌월 투런홈런을 날리며 다시 앞서갔다.    승기를 잡은 kt는 8회에 필승조 박영현을 투입했다. 박영현이 삼성 피렐라에게 우월 솔로 홈런을 허용한 뒤 오재일에게 볼넷을 내주며 흔들리자 kt는 곧바로 마무리 김재윤을 투입하는 승부수를 띄웠다.    김재윤은 류지혁을 유격수 뜬공으로 잡아 불을 껐다.    위기를 넘긴 kt는 8회말 박병호가 가운데 담을 넘기는 비거리 125ｍ의 대형 솔로 홈런을 작렬하며 승부에 쐐기를 박았다.    박병호는 이날 쐐기 홈런 포함 4타수 2안타 1타점 1득점으로 활약했다.    황재균은 4타수 1안타 2타점 1득점을 올려 역대 12번째로 개인 통산 1천타점, 1천득점을 모두 돌파했다.    벤자민은 7이닝 7피안타 무사사구 5탈삼진 3실점(2자책점)으로 호투하며 시즌 14승(5패)째를 거뒀다.    박영현은 ⅔이닝 동안 1실점 하며 흔들렸지만, 시즌 28홀드째를 거두며 KBO리그 만 20세 투수 한 시즌 최다 홀드 신기록을 세웠다.    이전 기록은 2013년 한현희(현 롯데 자이언츠)가 올렸던 27홀드였다.     cycle@yna.co.kr기사제공 연합뉴스김경윤(cycle@yna.co.kr)현장에서 작성된 기사입니다.김경윤 기자구독김경윤 기자의 구독을 취소하시겠습니까?구독에서 해당 기자의 기사가 제외됩니다.예아니오닫기구독자-응원수-연합뉴스 김경윤 기자입니다LG·두산, 2026년부터 6년간 고척돔·목동구장서 셋방살이하나류현진, 승리에 아웃 1개 남기고 강판…눈부신 위기관리 능력Copyright ⓒ 연합뉴스. All rights reserved. 무단 전재 및 재배포 금지.기사 섹션 분류 가이드기사 섹션 분류 안내스포츠 기사 섹션(종목) 정보는 언론사 분류와 기술 기반의 자동 분류 시스템을 따르고 있습니다. 오분류에 대한 건은 네이버스포츠로 제보 부탁드립니다.오분류 제보하기가이드 닫기[앱 다운] 빠르고 정확한 연합뉴스를 받아보세요뉴스제보는 연합뉴스 okjebo 톡!"
20230831,"국회 교육위 소위, 교권보호 법안 의결…""학교장이 민원 담당""",정치,26,"'진상 학부모' 악성 민원 막기 위해 '보호자 의무' 조항도 신설국회 교육위 법안심사소위(서울=연합뉴스) 이정훈 기자 = 17일 국회에서 열린 교육위원회 법안심사소위원회에서 김영호 위원장이 의사봉을 두드리고 있다. 2023.8.17 uwg806@yna.co.kr(서울=연합뉴스) 한주홍 기자 = 국회 교육위원회는 31일 법안심사소위원회를 열어 초·중등교육법 개정안 등 교권 보호 관련 법안을 의결했다.    개정안에는 학교장이 교육 활동과 관련된 학교 민원을 담당하게 하는 내용이 담겼다. 악성 민원으로부터 교원을 보호하고, 교육활동 침해를 막자는 취지다.    개정안에는 이른바 '진상 학부모'의 악성 민원을 방지하기 위해 학부모 등 보호자의 민원으로 인한 인권 침해 행위를 금지하는 '보호자의 의무' 조항도 신설됐다.     보호자는 교원의 정당한 학생 지도에 대해 존중하고 학교의 학생 지도에 대해 협력해야 한다는 내용이다.    교육활동 침해 행위에 관한 행정 체계를 개편하는 내용의 '교원의 지위 향상 및 교육활동 보호를 위한 특별법'(교원지위법) 개정안도 의결됐다.    피해 교원이 발생했을 경우 기존 '학교 교권보호위원회'(학교 교보위)가 아닌 교육지원청 내 '지역 교권보호위원회'가 업무를 담당하게 하는 것이 골자다.    기존 학교 교보위가 교권 침해 사건에 소극적으로 대응해왔다는 지적에 따라 지역 교보위를 통해 객관성과 실효성을 강화하자는 차원이다.    교원지위법 개정안에는 또 교원의 정당한 학생생활지도 행위가 아동학대 범죄로 신고돼 조사·수사가 진행되는 경우 교육감의 의견 제출을 의무화하는 내용도 담겼다.    아울러 관할청과 학교장이 교육활동 침해 행위를 알게 된 경우 즉시 가해자와 피해 교원을 분리할 수 있도록 하는 내용도 포함됐다.    앞서 교육위 법안소위는 정당한 학생 지도에 대해서는 아동복지법상 학대로 보지 않도록 하는 내용의 초·중등교육법 개정안을 의결한 바 있다.    교육위는 이날까지 소위 의결 내용을 바탕으로 내달 1일 국회에서 '여·여·정·시도교육감 4자 협의체'를 열고 '교권 회복 및 보호 강화 종합방안'을 발표할 예정이다.    이 자리에는 이주호 부총리 겸 교육부 장관과 김철민 국회 교육위원장, 교육위 여야 간사인 국민의힘 이태규 의원과 더불어민주당 김영호 의원, 조희연 서울시 교육감, 임태희 경기도 교육감 등이 참석한다.     juhong@yna.co.kr한주홍(juhong@yna.co.kr)기자 프로필한주홍 기자구독구독중구독자 0응원수0尹지지율, 4%p 오른 37%…국민의힘 32%·민주당 26%[NBS 조사]민주, '이재명 병원 이송날' 영장에 격앙…체포안 표결 주목연합뉴스의 구독 많은 기자를 구독해보세요!닫기Copyright ⓒ 연합뉴스. All rights reserved. 무단 전재 및 재배포 금지. 이 기사는 언론사에서 정치 섹션으로 분류했습니다.기사 섹션 분류 안내기사의 섹션 정보는 해당 언론사의 분류를 따르고 있습니다. 언론사는 개별 기사를 2개 이상 섹션으로 중복 분류할 수 있습니다.닫기구독메인에서 바로 보는 언론사 편집 뉴스 지금 바로 구독해보세요!구독중메인에서 바로 보는 언론사 편집 뉴스 지금 바로 확인해보세요![앱 다운] 빠르고 정확한 연합뉴스를 받아보세요뉴스제보는 연합뉴스 okjebo 톡!			주요뉴스해당 언론사에서 선정하며 언론사 페이지(아웃링크)로 이동해 볼 수 있습니다. 평택 환전소 외국인 강도 1명 이미 해외 도주…범행 4시간여만 고교생이 쏘아 올린 헬륨 풍선, 성층권서 거제·대마도 촬영 국내 첫 레즈비언 부부 '딸' 태어났다…""다양한 가족 인정되길"" 필리핀 복싱 영웅 파키아오, 2024 파리 올림픽 출전 추진 추락사 경찰관 일행 8명 추가 확인…15명 모두 출금이 기사를 추천합니다기사 추천은 24시간 내 50회까지 참여할 수 있습니다.닫기쏠쏠정보0흥미진진0공감백배0분석탁월0후속강추0  모두에게 보여주고 싶은 기사라면?beta이 기사를 추천합니다 버튼을 눌러주세요.  집계 기간 동안 추천을 많이 받은 기사는 네이버 자동 기사배열 영역에 추천 요소로 활용됩니다.레이어 닫기 연합뉴스 언론사홈 바로가기 언론사 구독 후 기사보기구독 없이 계속 보기기자 구독 후 기사보기구독 없이 계속 보기"
20230831,'삼성 푸드를 소개합니다',경제,0,"(서울=연합뉴스) 삼성전자 영국법인 지나 힐 프로가 독일 베를린 메세 베를린에서 열리는 유럽 최대 가전전시회 'IFA 2023'를 하루 앞둔 31일 개최된 삼성 프레스 컨퍼런스에서 맞춤형 레시피 제공 서비스 '삼성 푸드'를 소개하고 있다. 2023.8.31 [삼성전자 제공. 재판매 및 DB금지]    photo@yna.co.kr이지은(jieunlee@yna.co.kr)기자 프로필이지은 기자구독구독중구독자 0응원수0사진기자서울 지하철 노선도 새 디자인안 공개김행 여가부 장관 후보자 출근연합뉴스의 구독 많은 기자를 구독해보세요!닫기Copyright ⓒ 연합뉴스. All rights reserved. 무단 전재 및 재배포 금지. 이 기사는 언론사에서 경제 섹션으로 분류했습니다.기사 섹션 분류 안내기사의 섹션 정보는 해당 언론사의 분류를 따르고 있습니다. 언론사는 개별 기사를 2개 이상 섹션으로 중복 분류할 수 있습니다.닫기구독메인에서 바로 보는 언론사 편집 뉴스 지금 바로 구독해보세요!구독중메인에서 바로 보는 언론사 편집 뉴스 지금 바로 확인해보세요![앱 다운] 빠르고 정확한 연합뉴스를 받아보세요뉴스제보는 연합뉴스 okjebo 톡!			주요뉴스해당 언론사에서 선정하며 언론사 페이지(아웃링크)로 이동해 볼 수 있습니다. 평택 환전소 외국인 강도 1명 이미 해외 도주…범행 4시간여만 고교생이 쏘아 올린 헬륨 풍선, 성층권서 거제·대마도 촬영 국내 첫 레즈비언 부부 '딸' 태어났다…""다양한 가족 인정되길"" 필리핀 복싱 영웅 파키아오, 2024 파리 올림픽 출전 추진 추락사 경찰관 일행 8명 추가 확인…15명 모두 출금이 기사를 추천합니다기사 추천은 24시간 내 50회까지 참여할 수 있습니다.닫기쏠쏠정보0흥미진진0공감백배0분석탁월0후속강추0  모두에게 보여주고 싶은 기사라면?beta이 기사를 추천합니다 버튼을 눌러주세요.  집계 기간 동안 추천을 많이 받은 기사는 네이버 자동 기사배열 영역에 추천 요소로 활용됩니다.레이어 닫기 연합뉴스 언론사홈 바로가기 언론사 구독 후 기사보기구독 없이 계속 보기기자 구독 후 기사보기구독 없이 계속 보기"
20230831,[프로야구 수원전적] kt 6-4 삼성,스포츠,0,"▲ 수원전적(31일)    삼성  012 000 010 - 4    kt    120 020 01X - 6    △ 승리투수 = 벤자민(14승 5패) △ 세이브투수 = 김재윤(4승 3패 25세이브)    △ 패전투수 = 이승현(1승 5패 5세이브)    △ 홈런 = 알포드 12호(5회2점) 박병호 11호(8회1점·이상 kt)              피렐라 12호(8회1점·삼성)         (수원=연합뉴스)기사제공 연합뉴스김경윤(cycle@yna.co.kr)김경윤 기자구독김경윤 기자의 구독을 취소하시겠습니까?구독에서 해당 기자의 기사가 제외됩니다.예아니오닫기구독자-응원수-연합뉴스 김경윤 기자입니다LG·두산, 2026년부터 6년간 고척돔·목동구장서 셋방살이하나류현진, 승리에 아웃 1개 남기고 강판…눈부신 위기관리 능력Copyright ⓒ 연합뉴스. All rights reserved. 무단 전재 및 재배포 금지.기사 섹션 분류 가이드기사 섹션 분류 안내스포츠 기사 섹션(종목) 정보는 언론사 분류와 기술 기반의 자동 분류 시스템을 따르고 있습니다. 오분류에 대한 건은 네이버스포츠로 제보 부탁드립니다.오분류 제보하기가이드 닫기[앱 다운] 빠르고 정확한 연합뉴스를 받아보세요뉴스제보는 연합뉴스 okjebo 톡!"
20230831,삼성 프레스 컨퍼런스서 기조연설하는 벤자민 브라운,경제,0,"(서울=연합뉴스) 삼성전자 유럽총괄 최고마케팅책임자(CMO) 벤자민 브라운이 독일 베를린 '메세 베를린(Messe Berlin)'에서 열리는 유럽 최대 가전전시회 'IFA 2023'를 하루 앞둔 31일 개최된 삼성 프레스 컨퍼런스에서 ABB, SMA 솔라테크놀로지와의 '넷 제로 홈 솔루션' 파트너십에 대해 설명하고 있다. 2023.8.31 [삼성전자 제공. 재판매 및 DB금지]    photo@yna.co.kr이지은(jieunlee@yna.co.kr)기자 프로필이지은 기자구독구독중구독자 0응원수0사진기자서울 지하철 노선도 새 디자인안 공개김행 여가부 장관 후보자 출근연합뉴스의 구독 많은 기자를 구독해보세요!닫기Copyright ⓒ 연합뉴스. All rights reserved. 무단 전재 및 재배포 금지. 이 기사는 언론사에서 경제 섹션으로 분류했습니다.기사 섹션 분류 안내기사의 섹션 정보는 해당 언론사의 분류를 따르고 있습니다. 언론사는 개별 기사를 2개 이상 섹션으로 중복 분류할 수 있습니다.닫기구독메인에서 바로 보는 언론사 편집 뉴스 지금 바로 구독해보세요!구독중메인에서 바로 보는 언론사 편집 뉴스 지금 바로 확인해보세요![앱 다운] 빠르고 정확한 연합뉴스를 받아보세요뉴스제보는 연합뉴스 okjebo 톡!			주요뉴스해당 언론사에서 선정하며 언론사 페이지(아웃링크)로 이동해 볼 수 있습니다. 평택 환전소 외국인 강도 1명 이미 해외 도주…범행 4시간여만 고교생이 쏘아 올린 헬륨 풍선, 성층권서 거제·대마도 촬영 국내 첫 레즈비언 부부 '딸' 태어났다…""다양한 가족 인정되길"" 필리핀 복싱 영웅 파키아오, 2024 파리 올림픽 출전 추진 추락사 경찰관 일행 8명 추가 확인…15명 모두 출금이 기사를 추천합니다기사 추천은 24시간 내 50회까지 참여할 수 있습니다.닫기쏠쏠정보0흥미진진0공감백배0분석탁월0후속강추0  모두에게 보여주고 싶은 기사라면?beta이 기사를 추천합니다 버튼을 눌러주세요.  집계 기간 동안 추천을 많이 받은 기사는 네이버 자동 기사배열 영역에 추천 요소로 활용됩니다.레이어 닫기 연합뉴스 언론사홈 바로가기 언론사 구독 후 기사보기구독 없이 계속 보기기자 구독 후 기사보기구독 없이 계속 보기"
